MPUMALANGA,BOHLABELA,800034962,6415792,ACORNHOEK ACADEMY SCHOOL,99,0,129,97,75.2,7,120,115,95.8,0,66,61,92.4
MPUMALANGA,BOHLABELA,800035522,6415794,COMPREHENSIVE HIGH ACORN-OAKS SCHOOL,1,0,76,70,92.1,7,90,80,88.9,0,99,88,88.9
MPUMALANGA,BOHLABELA,800034879,6415508,ALFRED MATSHINE COMMERCIAL SCHOOL,1,0,72,37,51.4,3,126,65,51.6,1,162,67,41.4
MPUMALANGA,BOHLABELA,800034907,6415602,BABINATAU SENIOR SECONDARY SCHOOL,1,3,34,25,73.5,0,45,30,66.7,0,34,33,97.1
MPUMALANGA,BOHLABELA,800035049,6436510,BAKUTSWE HIGH SCHOOL,1,1,60,45,75.0,38,92,79,85.9,83,57,54,94.7
MPUMALANGA,BOHLABELA,800034880,6415509,BEN MATLOSHE HIGH SCHOOL,1,9,62,58,93.5,0,81,68,84.0,3,83,81,97.6
MPUMALANGA,BOHLABELA,800034881,6415506,BEN W MASHEGO SECONDARY SCHOOL,1,0,28,19,67.9,0,33,25,75.8,0,23,20,87.0
MPUMALANGA,BOHLABELA,800035148,6426302,BOMBANI SENIOR SECONDARY SCHOOL,1,0,97,57,58.8,18,95,86,90.5,0,98,86,87.8
MPUMALANGA,BOHLABELA,800035180,6436701,BONDZENI HIGH SCHOOL,1,0,64,62,96.9,0,64,59,92.2,0,66,66,100.0
MPUMALANGA,BOHLABELA,800035181,6436709,BUNNY KHOSA HIGH SCHOOL,1,37,133,75,56.4,0,138,61,44.2,11,94,44,46.8
MPUMALANGA,BOHLABELA,800035079,6426101,BUSHBUCKRIDGE SECONDARY SCHOOL,1,10,94,73,77.7,3,110,80,72.7,19,112,77,68.8
MPUMALANGA,BOHLABELA,800035091,6436603,CHAYAZA SECONDARY SCHOOL,1,0,159,95,59.7,11,157,84,53.5,0,173,93,53.8
MPUMALANGA,BOHLABELA,800035021,6415802,DAYIMANI HIGH SCHOOL,1,6,49,49,100.0,27,76,76,100.0,7,117,116,99.1
MPUMALANGA,BOHLABELA,800035121,6426204,DITAU SECONDARY SCHOOL,2,0,72,56,77.8,0,115,60,52.2,13,93,52,55.9
MPUMALANGA,BOHLABELA,800035082,6426104,DIWITI SECONDARY SCHOOL,1,2,31,25,80.6,18,53,28,52.8,1,34,28,82.4
MPUMALANGA,BOHLABELA,800035022,6415803,DLUMANA HIGH SCHOOL,1,0,157,114,72.6,1,167,150,89.8,0,142,127,89.4
MPUMALANGA,BOHLABELA,800035092,6436601,DUMISANI HIGH SCHOOL,1,12,138,117,84.8,5,246,238,96.7,0,108,97,89.8
MPUMALANGA,BOHLABELA,800035150,6426310,DUMPHIES COMBINED SCHOOL,1,0,142,137,96.5,1,212,202,95.3,10,355,337,94.9
MPUMALANGA,BOHLABELA,800035122,6426207,E S MALELE SECONDARY SCHOOL,1,0,20,16,80.0,0,34,24,70.6,0,34,24,70.6
MPUMALANGA,BOHLABELA,800035151,6426312,ERIC NXUMALO HIGH SCHOOL,1,0,136,124,91.2,16,165,103,62.4,0,76,63,82.9
MPUMALANGA,BOHLABELA,800035023,6415801,FRANK MAGHINYANA HIGH SCHOOL,1,2,161,125,77.6,9,224,169,75.4,0,179,156,87.2
MPUMALANGA,BOHLABELA,800034939,6426007,FREDDY SITHOLE HIGH SCHOOL,1,0,55,55,100.0,3,83,83,100.0,0,63,63,100.0
MPUMALANGA,BOHLABELA,800034966,6415704,GERMANS CHILOANE HIGH SCHOOL,1,0,94,69,73.4,0,92,62,67.4,11,70,56,80.0
MPUMALANGA,BOHLABELA,800035093,6436609,GEZINGQONDO SECONDARY SCHOOL,1,11,64,51,79.7,6,92,68,73.9,4,47,45,95.7
MPUMALANGA,BOHLABELA,800035154,6426309,GODIDE HIGH SCHOOL,1,0,92,74,80.4,11,117,106,90.6,0,187,133,71.1
MPUMALANGA,BOHLABELA,800035053,6436509,HALEMELA SECONDARY SCHOOL,1,0,10,8,80.0,0,13,12,92.3,0,7,7,100.0
MPUMALANGA,BOHLABELA,800035189,6436708,HLOMANI SECONDARY SCHOOL,1,5,197,147,74.6,38,259,181,69.9,1,261,257,98.5
MPUMALANGA,BOHLABELA,800028597,6436810,HLONG SECONDARY SCHOOL,2,0,59,44,74.6,7,99,95,96.0,6,121,116,95.9
MPUMALANGA,BOHLABELA,800034993,6436408,HOBO SECONDARY SCHOOL,1,7,39,18,46.2,6,54,19,35.2,0,46,35,76.1
MPUMALANGA,BOHLABELA,800035460,6415793,HOEDSPRUIT INDEPENDENT COLLEGE,99,0,59,35,59.3,25,35,30,85.7,1,22,14,63.6
MPUMALANGA,BOHLABELA,800005868,6436902,HOERSKOOL LYDENBURG,5,0,162,161,99.4,0,162,161,99.4,0,165,164,99.4
MPUMALANGA,BOHLABELA,800005975,6436808,HOERSKOOL SYBRAND VAN NIEKERK,5,3,113,102,90.3,0,112,101,90.2,1,103,89,86.4
MPUMALANGA,BOHLABELA,800034995,6436407,HOYOHOYO SENIOR SECONDARY SCHOOL,2,0,91,39,42.9,0,74,39,52.7,0,53,36,67.9
MPUMALANGA,BOHLABELA,800035191,6436707,IAN MACKENZI HIGH SCHOOL,1,0,74,44,59.5,1,60,36,60.0,0,59,53,89.8
MPUMALANGA,BOHLABELA,800034996,6436406,JAMES KHOSA SENIOR SECONDARY SCHOOL,2,37,110,82,74.5,44,189,175,92.6,0,187,154,82.4
MPUMALANGA,BOHLABELA,800028605,6436802,KADISHI SECONDARY SCHOOL,2,10,44,36,81.8,7,47,34,72.3,0,33,31,93.9
MPUMALANGA,BOHLABELA,800034885,6415502,KELEDI SENIOR SECONDARY SCHOOL,1,0,28,26,92.9,0,26,25,96.2,22,62,55,88.7
MPUMALANGA,BOHLABELA,800035316,6436792,KHAYIMANI INDEPENDENT COLLEGE,99,0,7,4,57.1,0,4,3,75.0,0,9,7,77.8
MPUMALANGA,BOHLABELA,800034941,6426009,KUFAKWEZWE SECONDARY SCHOOL,1,1,73,60,82.2,0,90,62,68.9,0,89,61,68.5
MPUMALANGA,BOHLABELA,0,6436793,KURHULA SECONDARY SCHOOL,1,0,57,49,86.0,1,64,58,90.6,0,60,53,88.3
MPUMALANGA,BOHLABELA,800035057,6436508,L M MOKOENA HIGH SCHOOL,2,0,96,54,56.3,5,150,99,66.0,0,115,72,62.6
MPUMALANGA,BOHLABELA,800035058,6436507,LAMULELANI HIGH SCHOOL,2,0,105,52,49.5,22,205,123,60.0,0,223,188,84.3
MPUMALANGA,BOHLABELA,800034831,6425908,LANGA SECONDARY SCHOOL,1,0,120,86,71.7,17,166,101,60.8,0,144,117,81.3
MPUMALANGA,BOHLABELA,800035125,6426206,LEHLASEDI HIGH SCHOOL,1,23,124,90,72.6,0,186,104,55.9,16,156,87,55.8
MPUMALANGA,BOHLABELA,800034859,6415401,LEKETE HIGH SCHOOL,1,0,140,104,74.3,18,137,109,79.6,9,229,162,70.7
MPUMALANGA,BOHLABELA,800034860,6415402,LETHIPELE SENIOR SECONDARY SCHOOL,1,0,50,36,72.0,5,67,48,71.6,9,53,33,62.3
MPUMALANGA,BOHLABELA,800035127,6426202,LETSHELE SENIOR SECONDARY SCHOOL,1,0,105,80,76.2,17,169,108,63.9,22,139,98,70.5
MPUMALANGA,BOHLABELA,800028613,6436809,LM KGANANE SECONDARY SCHOOL,1,3,107,90,84.1,1,87,72,82.8,1,97,77,79.4
MPUMALANGA,BOHLABELA,800035195,6436706,LUKA HIGH SCHOOL,1,0,116,75,64.7,0,119,105,88.2,0,125,92,73.6
MPUMALANGA,BOHLABELA,800035098,6436608,M L NKUNA HIGH SCHOOL,1,0,138,94,68.1,6,238,67,28.2,4,110,69,62.7
MPUMALANGA,BOHLABELA,800034861,6415403,MAAKERE HIGH SCHOOL,1,0,72,42,58.3,26,87,66,75.9,1,88,58,65.9
MPUMALANGA,BOHLABELA,800035196,6436705,MABARHULE HIGH SCHOOL,1,0,113,94,83.2,3,119,86,72.3,0,159,116,73.0
MPUMALANGA,BOHLABELA,800034832,6425902,MACHAYE SENIOR SECONDARY SCHOOL,1,0,32,26,81.3,2,36,26,72.2,0,68,49,72.1
MPUMALANGA,BOHLABELA,800035197,6436704,MADIBA HIGH SCHOOL,1,21,77,33,42.9,7,105,73,69.5,0,93,63,67.7
MPUMALANGA,BOHLABELA,800034915,6415603,MADIZI SECONDARY SCHOOL,1,1,84,67,79.8,0,86,60,69.8,0,87,77,88.5
MPUMALANGA,BOHLABELA,800035198,6436703,MADLALA HIGH SCHOOL,1,0,117,60,51.3,2,149,120,80.5,2,144,123,85.4
MPUMALANGA,BOHLABELA,800035099,6436607,MADZUMA HIGH SCHOOL,1,0,34,31,91.2,0,54,39,72.2,7,44,37,84.1
MPUMALANGA,BOHLABELA,800035157,6426305,MAFEMANI NXUMALO SECONDARY SCHOOL,1,26,228,185,81.1,3,251,225,89.6,0,324,265,81.8
MPUMALANGA,BOHLABELA,800035083,6426103,MAGABOTSE SECONDARY SCHOOL,1,18,97,47,48.5,8,110,58,52.7,0,70,51,72.9
MPUMALANGA,BOHLABELA,800035158,6426308,MAGIGWANA SECONDARY SCHOOL,1,2,276,276,100.0,0,406,390,96.1,1,499,476,95.4
MPUMALANGA,BOHLABELA,800034971,6415706,MAGWAGWAZA SECONDARY SCHOOL,1,0,86,52,60.5,3,138,104,75.4,0,113,100,88.5
MPUMALANGA,BOHLABELA,800034972,6415701,MAHASHE SECONDARY SCHOOL,1,0,104,77,74.0,25,117,80,68.4,13,112,70,62.5
MPUMALANGA,BOHLABELA,800035027,6415809,MAHLALE HIGH SCHOOL,1,123,185,179,96.8,0,228,169,74.1,1,180,150,83.3
MPUMALANGA,BOHLABELA,800035160,6426307,MAHUVO SECONDARY SCHOOL,1,0,124,83,66.9,0,128,88,68.8,0,144,111,77.1
MPUMALANGA,BOHLABELA,800034892,6415501,MAKATA HIGH SCHOOL,1,0,40,29,72.5,0,66,42,63.6,0,33,20,60.6
MPUMALANGA,BOHLABELA,800035100,6436606,MAKHOSANA MANZINI HIGH SCHOOL,1,6,174,113,64.9,14,226,149,65.9,0,228,176,77.2
MPUMALANGA,BOHLABELA,800028621,6436805,MAKUKE SECONDARY SCHOOL,2,19,53,41,77.4,2,46,32,69.6,2,36,25,69.4
MPUMALANGA,BOHLABELA,800035161,6426306,MALAMULE HIGH SCHOOL,1,0,73,48,65.8,0,65,56,86.2,0,55,51,92.7
MPUMALANGA,BOHLABELA,800035063,6436506,MALAVUTELA SECONDARY SCHOOL,2,0,56,32,57.1,10,61,39,63.9,25,40,38,95.0
MPUMALANGA,BOHLABELA,800035101,6436605,MANDONDO HIGH SCHOOL,1,0,133,89,66.9,23,209,161,77.0,33,157,151,96.2
MPUMALANGA,BOHLABELA,800034834,6425901,MANUKUSE HIGH SCHOOL,1,1,131,113,86.3,0,136,75,55.1,0,145,104,71.7
MPUMALANGA,BOHLABELA,800035031,6415808,MANYANGANA HIGH SCHOOL,1,17,137,120,87.6,16,127,107,84.3,53,157,139,88.5
MPUMALANGA,BOHLABELA,800034976,6415702,MAPHUTHADITSHABA SECONDARY SCHOOL,1,25,65,32,49.2,14,96,66,68.8,19,80,64,80.0
MPUMALANGA,BOHLABELA,800035065,6426107,MARCIA MOKOENA SECONDARY SCHOOL,1,10,62,29,46.8,6,33,28,84.8,0,54,31,57.4
MPUMALANGA,BOHLABELA,800034865,6415404,MARIPE SENIOR SECONDARY SCHOOL,1,0,58,32,55.2,0,118,62,52.5,4,64,34,53.1
MPUMALANGA,BOHLABELA,800034943,6426006,MASANA SECONDARY SCHOOL,2,3,292,254,87.0,18,329,309,93.9,0,367,328,89.4
MPUMALANGA,BOHLABELA,800012898,6436903,MASHISHING SECONDARY SCHOOL,3,38,182,138,75.8,21,236,149,63.1,0,293,185,63.1
MPUMALANGA,BOHLABELA,800034944,6426108,MASILELA SECONDARY SCHOOL,1,0,82,56,68.3,1,79,72,91.1,0,65,55,84.6
MPUMALANGA,BOHLABELA,800034917,6415604,MASINGITANA SECONDARY SCHOOL,1,0,91,65,71.4,0,100,75,75.0,1,91,81,89.0
MPUMALANGA,BOHLABELA,800035005,6436405,MATHIBELA HIGH SCHOO~L,2,6,69,19,27.5,0,81,29,35.8,0,61,44,72.1
MPUMALANGA,BOHLABELA,800035067,6436504,MATHIPE HIGH SCHOOL,2,0,43,15,34.9,0,116,41,35.3,10,42,23,54.8
MPUMALANGA,BOHLABELA,800034896,6415507,MATHUKWANE SECONDARY SCHOOL,1,0,20,20,100.0,0,32,31,96.9,0,22,22,100.0
MPUMALANGA,BOHLABELA,800034837,6425903,MAWEWE HIGH SCHOOL,1,0,63,40,63.5,0,72,58,80.6,0,86,66,76.7
MPUMALANGA,BOHLABELA,800035106,6436604,MBHANDULE SECONDARY SCHOOL,1,0,35,22,62.9,0,41,26,63.4,3,21,21,100.0
MPUMALANGA,BOHLABELA,800035006,6436404,MCHAKA HIGH SCHOOL,1,9,53,32,60.4,4,49,40,81.6,0,57,49,86.0
MPUMALANGA,BOHLABELA,800035034,6415807,MDLULI HIGH SCHOOL,1,2,158,137,86.7,0,227,182,80.2,125,208,178,85.6
MPUMALANGA,BOHLABELA,800013995,6436801,MEMEZILE SECONDARY SCHOOL,1,0,56,35,62.5,10,65,40,61.5,1,42,34,81.0
MPUMALANGA,BOHLABELA,800034919,6415609,MHLANGANA SECONDARY SCHOOL,1,0,63,52,82.5,1,108,107,99.1,10,65,62,95.4
MPUMALANGA,BOHLABELA,800035667,6436693,MKHUHLU SECONDARY SCHOOL,1,0,64,30,46.9,2,127,78,61.4,0,112,77,68.8
MPUMALANGA,BOHLABELA,800035108,6436602,MKHUKHUMBA SECONDARY SCHOOL,1,20,31,21,67.7,1,34,33,97.1,1,45,39,86.7
MPUMALANGA,BOHLABELA,800034947,6426005,MKHWEYANTABA HIGH SCHOOL,1,2,109,62,56.9,0,130,85,65.4,0,127,79,62.2
MPUMALANGA,BOHLABELA,800035069,6426106,MMABATHO MOKOENA SECONDARY SCHOOL,1,0,16,16,100.0,16,35,26,74.3,1,27,24,88.9
MPUMALANGA,BOHLABELA,800035133,6426201,MMASEKOBE SECONDARY SCHOOL,1,0,18,18,100.0,8,33,30,90.9,0,25,25,100.0
MPUMALANGA,BOHLABELA,800035008,6436403,MOGOROSHI SECONDARY SCHOOL,2,24,81,48,59.3,18,130,109,83.8,8,65,64,98.5
MPUMALANGA,BOHLABELA,800034869,6415407,Moholoholo High School,1,10,52,33,63.5,0,89,47,52.8,3,70,37,52.9
MPUMALANGA,BOHLABELA,800035407,6426010,MONAREDIRA PRIVATE COLLEGE,99,0,211,154,73.0,62,175,154,88.0,58,160,147,91.9
MPUMALANGA,BOHLABELA,800034921,6415605,MOSES MNISI HIGH SCHOOL,1,0,176,89,50.6,0,170,104,61.2,0,157,87,55.4
MPUMALANGA,BOHLABELA,800034900,6415505,MOSETERATA SECONDARY SCHOOL,1,0,3,3,100.0,0,28,7,25.0,0,19,9,47.4
MPUMALANGA,BOHLABELA,800034901,6415504,MOSIPA SECONDARY SCHOOL,1,0,34,30,88.2,4,66,41,62.1,3,60,33,55.0
MPUMALANGA,BOHLABELA,800035037,6415806,MUGENA HIGH SCHOOL,1,12,209,192,91.9,2,240,132,55.0,21,228,160,70.2
MPUMALANGA,BOHLABELA,800034950,6426004,MZANGEDWA SECONDARY SCHOOL,1,10,72,53,73.6,14,82,49,59.8,0,62,42,67.7
MPUMALANGA,BOHLABELA,800034839,6425904,MZILA SECONDARY SCHOOL,1,0,64,63,98.4,5,109,94,86.2,77,126,106,84.1
MPUMALANGA,BOHLABELA,800035167,6426301,MZIMBA SECONDARY SCHOOL,1,0,213,189,88.7,42,196,165,84.2,0,267,242,90.6
MPUMALANGA,BOHLABELA,800034873,6415405,N P MATHABELA SECONDARY SCHOOL,1,0,57,52,91.2,0,75,64,85.3,0,77,63,81.8
MPUMALANGA,BOHLABELA,800034951,6426001,NDLAMAKHOSI SECONDARY SCHOOL,1,0,39,32,82.1,5,62,47,75.8,0,68,58,85.3
MPUMALANGA,BOHLABELA,800035163,6426303,NGHUNGHUNYANA SECONDARY SCHOOL,1,0,37,27,73.0,6,78,61,78.2,0,44,39,88.6
MPUMALANGA,BOHLABELA,800035086,6426102,NGWARITSANE SECONDARY SCHOOL,1,0,52,21,40.4,0,34,31,91.2,6,33,29,87.9
MPUMALANGA,BOHLABELA,800034981,6415703,NKOTOBONA HIGH SCHOOL,1,7,33,29,87.9,4,53,38,71.7,2,61,52,85.2
MPUMALANGA,BOHLABELA,800034842,6425905,NYAMANDE HIGH SCHOOL,1,5,50,41,82.0,0,63,48,76.2,0,67,52,77.6
MPUMALANGA,BOHLABELA,800035041,6415805,NYAMAZANE SCHOOL,1,1,170,169,99.4,0,284,261,91.9,0,292,227,77.7
MPUMALANGA,BOHLABELA,800035169,6426311,ORHOVELANI HIGH SCHOOL,2,0,124,80,64.5,27,237,133,56.1,0,40,27,67.5
MPUMALANGA,BOHLABELA,800032631,6436804,PANORAMA SECONDARY SCHOOL,4,0,23,22,95.7,0,34,29,85.3,0,43,34,79.1
MPUMALANGA,BOHLABELA,800034926,6415601,PHENDULANE SECONDARY SCHOOL,1,0,151,83,55.0,0,118,79,66.9,4,113,98,86.7
MPUMALANGA,BOHLABELA,800035209,6436702,PHULANI HIGH SCHOOL,1,0,30,28,93.3,2,45,28,62.2,0,33,30,90.9
MPUMALANGA,BOHLABELA,800028654,6436806,PILGRIMS REST CITY SECONDARY,2,7,21,15,71.4,9,38,24,63.2,6,48,31,64.6
MPUMALANGA,BOHLABELA,800034875,6415406,PULEDI SECONDARY SCHOOL,1,0,71,56,78.9,0,59,39,66.1,13,89,66,74.2
MPUMALANGA,BOHLABELA,800034954,6426003,QOKISO SENOIR SECONDARY SCHOOL,1,1,125,106,84.8,0,150,103,68.7,0,94,83,88.3
MPUMALANGA,BOHLABELA,800034903,6415503,RETI SECONDARY SCHOOL,1,0,15,3,20.0,0,67,50,74.6,0,54,52,96.3
MPUMALANGA,BOHLABELA,800035073,6436502,RINDZANI SENIOR SECONDARY SCHOOL,2,0,103,37,35.9,25,95,49,51.6,73,81,65,80.2
MPUMALANGA,BOHLABELA,800034929,6415606,SEHLAKABJE HIGH SCHOOL,1,0,22,18,81.8,0,29,22,75.9,2,30,23,76.7
MPUMALANGA,BOHLABELA,800035143,6426203,SEKHUKHUSA SENIOR SCHOOL,1,0,85,80,94.1,0,124,105,84.7,136,148,134,90.5
MPUMALANGA,BOHLABELA,800028639,6436807,SEKWAI SECONDARY SCHOOL,2,12,58,22,37.9,7,75,59,78.7,75,83,68,81.9
MPUMALANGA,BOHLABELA,800035144,6426205,SERISHA SECONDARY SCHOOL,2,0,35,34,97.1,0,35,28,80.0,0,23,21,91.3
MPUMALANGA,BOHLABELA,800035017,6436402,SHANKE SENIOR SECONDARY SCHOOL,2,0,227,111,48.9,134,315,135,42.9,71,245,179,73.1
MPUMALANGA,BOHLABELA,800034985,6415705,SHOBIYANA SENIOR SECONDARY SCHOOL,1,43,277,202,72.9,0,288,254,88.2,0,309,174,56.3
MPUMALANGA,BOHLABELA,800034957,6426011,SIBOYIYE COMBINED SCHOOL,1,2,45,33,73.3,0,66,59,89.4,0,68,54,79.4
MPUMALANGA,BOHLABELA,800035076,6436501,SKAPANDODA MASHABIYA SECONDARY SCHOOL,2,45,47,18,38.3,17,53,29,54.7,12,32,18,56.3
MPUMALANGA,BOHLABELA,800001164,6436901,SKHILA SECONDARY SCHOOL,2,0,107,101,94.4,11,140,127,90.7,0,135,132,97.8
MPUMALANGA,BOHLABELA,800035045,6415804,SOKISI HIGH SCHOOL,1,13,109,78,71.6,17,156,134,85.9,21,139,97,69.8
MPUMALANGA,BOHLABELA,800034959,6426008,SOSHANGANE HIGH SCHOOL,1,0,82,70,85.4,0,74,68,91.9,105,108,79,73.1
MPUMALANGA,BOHLABELA,800035508,6415510,ST GEORGE HIGH SCHOOL,99,0,41,37,90.2,0,49,46,93.9,0,62,58,93.5
MPUMALANGA,BOHLABELA,800035018,6436401,TAMAJANE SENIOR SECONDARY SCHOOL,2,4,23,19,82.6,0,31,26,83.9,0,35,29,82.9
MPUMALANGA,BOHLABELA,800034932,6415607,THEPANG CHILOANE SECONDARY SCHOOL,1,0,86,66,76.7,0,142,93,65.5,0,101,97,96.0
MPUMALANGA,BOHLABELA,800034933,6415608,TLADISHI HIGH SCHOOL,1,2,124,81,65.3,0,177,93,52.5,0,221,136,61.5
MPUMALANGA,BOHLABELA,800035635,6415810,TLHAVEKISA SECONDARY SCHOOL,1,0,199,192,96.5,5,329,300,91.2,26,203,176,86.7
MPUMALANGA,BOHLABELA,800035684,6426109,WEM BUSHBUCKRIDGE,99,0,2,1,50.0,5,43,40,93.0,7,25,21,84.0
MPUMALANGA,BOHLABELA,800035119,6436691,WEM MKHUHLU School,99,0,69,67,97.1,0,49,47,95.9,52,3,3,100.0
MPUMALANGA,BOHLABELA,800034988,6415791,WEM SCHOOL - ACCORNHOEK,99,0,45,38,84.4,22,87,86,98.9,0,81,81,100.0
MPUMALANGA,BOHLABELA,800034848,6425906,XANTHIA HIGH School,1,0,32,32,100.0,8,77,24,31.2,1,74,32,43.2
MPUMALANGA,BOHLABELA,800034849,6425907,XIMOYI KHOSA High School,1,8,107,97,90.7,9,184,148,80.4,20,147,107,72.8
MPUMALANGA,EHLANZENI,800030452,6241992,Acek Academy,99,19,85,72,84.7,1,66,49,74.2,0,69,54,78.3
MPUMALANGA,EHLANZENI,800000653,6282902,Barberton Combined School,4,0,71,50,70.4,5,98,51,52.0,0,88,59,67.0
MPUMALANGA,EHLANZENI,800035518,6262692,BEACON COLLEGE,99,1,121,113,93.4,20,120,116,96.7,0,90,86,95.6
MPUMALANGA,EHLANZENI,800001065,6242204,Bhekiswako Secondary School,1,38,110,73,66.4,6,120,92,76.7,0,147,124,84.4
MPUMALANGA,EHLANZENI,800001404,6283007,Bonginhlanhla Secondary School,2,34,90,56,62.2,7,102,75,73.5,20,90,76,84.4
MPUMALANGA,EHLANZENI,0,6262495,BUKHOSIBETFU PRIMARY SCHOOL,1,,,,,,,,,5,17,0,0.0
MPUMALANGA,EHLANZENI,800001875,6262408,Camalaza Secondary School,1,40,111,79,71.2,55,181,111,61.3,0,138,96,69.6
MPUMALANGA,EHLANZENI,800030338,6283191,Cefups Academy,99,0,71,64,90.1,0,63,61,96.8,0,69,62,89.9
MPUMALANGA,EHLANZENI,800002063,6283002,Chief Charles Secondary School,1,30,53,27,50.9,11,68,55,80.9,17,157,128,81.5
MPUMALANGA,EHLANZENI,800034505,6282903,Chief Funwako Secondary School,2,15,54,33,61.1,17,165,109,66.1,0,110,71,64.5
MPUMALANGA,EHLANZENI,800002303,6283102,Cyril Clarke Secondary School,2,22,130,101,77.7,16,188,164,87.2,0,155,130,83.9
MPUMALANGA,EHLANZENI,800029322,6262809,DD Mabuza Comprehensive School,1,0,106,100,94.3,20,151,119,78.8,0,150,101,67.3
MPUMALANGA,EHLANZENI,800035502,6283188,DESTINY PRIVATE COLLEGE,99,0,28,20,71.4,0,40,40,100.0,1,35,33,94.3
MPUMALANGA,EHLANZENI,800002758,6262802,Dlamadoda Secondary School,1,6,84,80,95.2,0,129,98,76.0,0,114,102,89.5
MPUMALANGA,EHLANZENI,800002824,6262405,Driekoppies Combined School,1,46,172,147,85.5,33,166,131,78.9,8,230,188,81.7
MPUMALANGA,EHLANZENI,800035511,6283197,EDGEVIEW ACADEMY,99,27,160,129,80.6,2,177,154,87.0,43,165,152,92.1
MPUMALANGA,EHLANZENI,800003178,6283305,Ej Singwane Secondary School,2,14,50,41,82.0,32,92,52,56.5,0,102,41,40.2
MPUMALANGA,EHLANZENI,800035463,6242294,ELEPHANT PRIVATE SCHOOL,99,,,,,,,,,1,66,66,100.0
MPUMALANGA,EHLANZENI,800003574,6282901,Emjindini Secondary School,3,0,116,41,35.3,30,270,82,30.4,3,185,80,43.2
MPUMALANGA,EHLANZENI,800002949,6241901,FUNDINJOBO SECONDARY SCHOOL,2,42,160,109,68.1,30,163,134,82.2,23,181,147,81.2
MPUMALANGA,EHLANZENI,800004424,6267303,GEBHUZA SECONDARY SCHOOL,1,16,92,71,77.2,3,181,140,77.3,0,201,160,79.6
MPUMALANGA,EHLANZENI,800004432,6283301,Gedlembane Secondary School,2,61,76,40,52.6,36,113,49,43.4,28,87,58,66.7
MPUMALANGA,EHLANZENI,800004861,6241904,Guduza Secondary School,2,82,177,150,84.7,129,225,182,80.9,7,173,170,98.3
MPUMALANGA,EHLANZENI,800029173,6242210,Hazyview Comprehensive School,2,22,109,100,91.7,6,125,118,94.4,0,151,150,99.3
MPUMALANGA,EHLANZENI,800035501,6242295,HAZYVIEW PRIVATE COLLEGE,99,9,76,76,100.0,21,119,116,97.5,0,99,95,96.0
MPUMALANGA,EHLANZENI,800035675,6242297,HEROES ACADEMY,99,1,34,30,88.2,0,49,42,85.7,0,22,21,95.5
MPUMALANGA,EHLANZENI,800003921,6283303,Hillaria Mthethwa Secondary School,2,43,135,84,62.2,96,205,125,61.0,0,181,129,71.3
MPUMALANGA,EHLANZENI,800005314,6242302,Hlanganani Secondary School,2,53,77,60,77.9,39,55,49,89.1,0,81,61,75.3
MPUMALANGA,EHLANZENI,800005710,6282904,Hoerskool Barberton,5,7,115,104,90.4,0,91,88,96.7,0,115,102,88.7
MPUMALANGA,EHLANZENI,800005744,6283103,Hoerskool Bergvlam,5,0,175,172,98.3,0,170,163,95.9,61,164,162,98.8
MPUMALANGA,EHLANZENI,800005884,6283101,Hoerskool Nelspruit,5,0,238,238,100.0,0,231,230,99.6,0,282,281,99.6
MPUMALANGA,EHLANZENI,800005934,6242308,Hoerskool Rob Ferreira,5,0,140,137,97.9,0,143,142,99.3,0,132,131,99.2
MPUMALANGA,EHLANZENI,800032870,6262811,Idlangemabala Secondary School,1,0,113,104,92.0,0,177,155,87.6,0,211,157,74.4
MPUMALANGA,EHLANZENI,800006411,6262807,Inkomazi Secondary School,2,40,244,106,43.4,0,237,130,54.9,0,133,79,59.4
MPUMALANGA,EHLANZENI,800006478,6242205,Inkunzi Secondary School,2,3,92,48,52.2,0,79,70,88.6,0,87,85,97.7
MPUMALANGA,EHLANZENI,800006957,6242301,Jacob Mdluli Secondary School,2,19,31,16,51.6,27,71,42,59.2,0,49,42,85.7
MPUMALANGA,EHLANZENI,800007039,6247004,JERUSALEM SECONDARY SCHOOL,2,65,111,79,71.2,38,95,85,89.5,0,113,93,82.3
MPUMALANGA,EHLANZENI,800034157,6262409,Joseph Matsebula School,1,33,79,63,79.7,36,189,126,66.7,0,171,137,80.1
MPUMALANGA,EHLANZENI,800007336,6282905,Kamhola Secondary School,3,38,142,65,45.8,20,171,88,51.5,44,178,102,57.3
MPUMALANGA,EHLANZENI,800007575,6283004,Khaliphani Secondary School,3,49,116,69,59.5,23,151,97,64.2,6,172,107,62.2
MPUMALANGA,EHLANZENI,800007633,6247002,KHANYISANI SECONDARY,2,0,101,89,88.1,15,204,167,81.9,28,135,122,90.4
MPUMALANGA,EHLANZENI,800002774,6242206,Khetsalwati Secondary School,1,23,89,79,88.8,0,141,94,66.7,0,201,142,70.6
MPUMALANGA,EHLANZENI,800007781,6262701,Khula Secondary School,2,51,118,100,84.7,17,231,167,72.3,15,283,156,55.1
MPUMALANGA,EHLANZENI,800007872,6242303,Khumbula Secondary School,2,35,71,29,40.8,13,78,54,69.2,0,54,37,68.5
MPUMALANGA,EHLANZENI,800008607,6241908,Khutsalani Secondary School,3,8,115,108,93.9,5,139,121,87.1,0,140,90,64.3
MPUMALANGA,EHLANZENI,800009316,6262707,KOMATIPOORT AKADEMIE,5,0,41,37,90.2,0,28,28,100.0,0,25,25,100.0
MPUMALANGA,EHLANZENI,800009795,6262702,Lambalati Secondary School,1,114,184,81,44.0,0,188,121,64.4,0,218,111,50.9
MPUMALANGA,EHLANZENI,800035311,6262494,LANGA SECONDARY SCHOOL,1,0,76,16,21.1,31,54,23,42.6,0,34,31,91.2
MPUMALANGA,EHLANZENI,800010124,6283001,Lekazi Secondary School,2,81,185,92,49.7,28,166,112,67.5,54,173,118,68.2
MPUMALANGA,EHLANZENI,800010413,6283304,Lihawu Secondary School,2,28,91,58,63.7,36,201,150,74.6,0,196,117,59.7
MPUMALANGA,EHLANZENI,800003038,6262502,Lomahasha Secondary School,1,20,76,38,50.0,2,63,48,76.2,0,99,74,74.7
MPUMALANGA,EHLANZENI,800030635,6283203,Louieville Combined School,1,23,50,24,48.0,12,71,53,74.6,0,58,46,79.3
MPUMALANGA,EHLANZENI,800010710,6267307,LOVUNYWA SECONDARY SCHOOL,1,45,224,167,74.6,13,233,162,69.5,0,223,165,74.0
MPUMALANGA,EHLANZENI,800010736,6283105,Lowveld High School,4,3,196,192,98.0,0,201,187,93.0,0,230,206,89.6
MPUMALANGA,EHLANZENI,800010751,6262509,Lubombo Secondary School,1,43,69,50,72.5,28,87,46,52.9,0,86,60,69.8
MPUMALANGA,EHLANZENI,800010785,6262602,Lugebhuta Secondary School,2,0,178,134,75.3,19,219,187,85.4,0,265,175,66.0
MPUMALANGA,EHLANZENI,800010868,6247007,LUNGISANI SECONDARY,2,27,73,65,89.0,84,175,123,70.3,0,154,121,78.6
MPUMALANGA,EHLANZENI,800011676,6262605,Mahlatsi Secondary School,2,6,105,94,89.5,10,136,84,61.8,0,141,89,63.1
MPUMALANGA,EHLANZENI,800011734,6267304,MAHUSHE SECONDARY SCHOOL,1,5,131,106,80.9,5,147,92,62.6,0,151,115,76.2
MPUMALANGA,EHLANZENI,800012179,6262708,Mambane Secondary School,1,44,216,137,63.4,5,237,185,78.1,0,309,177,57.3
MPUMALANGA,EHLANZENI,800005330,6283306,Mandlesive Secondary School,1,62,181,133,73.5,16,185,151,81.6,0,275,141,51.3
MPUMALANGA,EHLANZENI,800012443,6262404,Manzolwandle Secondary School,1,0,138,74,53.6,75,131,95,72.5,3,103,85,82.5
MPUMALANGA,EHLANZENI,800013011,6283201,Masitakhe Secondary School,3,34,127,42,33.1,11,113,83,73.5,0,118,107,90.7
MPUMALANGA,EHLANZENI,800004366,6283194,Mathews Phosa College,99,0,50,48,96.0,0,53,51,96.2,0,47,42,89.4
MPUMALANGA,EHLANZENI,800013565,6283006,Mayibuye Secondary School,3,0,107,71,66.4,64,174,128,73.6,24,171,88,51.5
MPUMALANGA,EHLANZENI,800013649,6262406,Mbambiso Secondary School,1,51,124,99,79.8,53,149,127,85.2,0,148,122,82.4
MPUMALANGA,EHLANZENI,800013722,6262505,Mbhudula Secondary School,1,28,62,52,83.9,19,125,114,91.2,0,146,122,83.6
MPUMALANGA,EHLANZENI,800013730,6262506,Mbhunu Secondary School,1,31,123,96,78.0,17,165,114,69.1,0,136,96,70.6
MPUMALANGA,EHLANZENI,800013755,6262710,MBOMBO COMBINED SCHOOL,2,0,45,45,100.0,0,57,44,77.2,17,76,50,65.8
MPUMALANGA,EHLANZENI,800013805,6241902,Mbuyane Secondary School,2,25,74,47,63.5,12,89,75,84.3,41,104,80,76.9
MPUMALANGA,EHLANZENI,800013847,6262512,MC Zitha Primary School,1,20,116,98,84.5,1,140,115,82.1,2,160,157,98.1
MPUMALANGA,EHLANZENI,800013920,6262507,Mdzabu Secondary School,1,24,84,65,77.4,9,114,51,44.7,0,80,63,78.8
MPUMALANGA,EHLANZENI,800026344,6262402,Mdzili Secondary School,1,78,128,54,42.2,7,100,66,66.0,0,88,75,85.2
MPUMALANGA,EHLANZENI,800013961,6262703,Mehlobovu Secondary School,2,34,152,136,89.5,7,188,170,90.4,8,214,200,93.5
MPUMALANGA,EHLANZENI,800035676,6283170,MERIDIAN KARINO,99,0,64,63,98.4,1,65,65,100.0,0,68,67,98.5
MPUMALANGA,EHLANZENI,800030593,6242390,METROPOLITAN COLLEGE,99,0,168,142,84.5,58,133,122,91.7,0,84,82,97.6
MPUMALANGA,EHLANZENI,800014100,6262706,Mgubho Combined School,2,11,3,3,100.0,4,150,100,66.7,0,233,140,60.1
MPUMALANGA,EHLANZENI,800034165,6241910,Mhlume Secondary School,2,51,97,75,77.3,22,135,100,74.1,23,111,73,65.8
MPUMALANGA,EHLANZENI,800014365,6262709,Mjokwane Secondary School,2,54,211,160,75.8,12,288,249,86.5,1,316,158,50.0
MPUMALANGA,EHLANZENI,800014761,6242307,Mntungwa Secondary School,2,41,64,47,73.4,1,79,67,84.8,0,71,57,80.3
MPUMALANGA,EHLANZENI,800015768,6247008,MSHADZA SECONDARY|SCHOOL,2,0,107,67,62.6,11,228,92,40.4,0,117,109,93.2
MPUMALANGA,EHLANZENI,800015883,6283302,Mthombo Secondary School,2,37,128,83,64.8,20,124,94,75.8,5,151,126,83.4
MPUMALANGA,EHLANZENI,800030361,6267301,MTIMANDZE SECONDARY SCHOOL,1,19,152,112,73.7,2,179,105,58.7,0,189,131,69.3
MPUMALANGA,EHLANZENI,800016287,6283009,Ncakini Secondary School,2,63,161,89,55.3,29,227,131,57.7,13,205,143,69.8
MPUMALANGA,EHLANZENI,800016410,6262813,Ndindane Combined,1,0,36,33,91.7,0,63,49,77.8,0,68,62,91.2
MPUMALANGA,EHLANZENI,800034633,6262608,Ndlela High School,2,0,107,73,68.2,4,111,84,75.7,0,145,90,62.1
MPUMALANGA,EHLANZENI,800030064,6283195,Nelspruit Private College,99,0,94,71,75.5,6,79,72,91.1,19,57,52,91.2
MPUMALANGA,EHLANZENI,800034635,6242309,Ngazi Ndhlovu Secondary School,2,35,62,44,71.0,25,114,76,66.7,0,98,55,56.1
MPUMALANGA,EHLANZENI,800016790,6241903,Ngodini Secondary School,3,39,100,95,95.0,30,121,96,79.3,0,146,105,71.9
MPUMALANGA,EHLANZENI,800035379,6262492,Nhanyane Secondary School,1,23,89,65,73.0,12,147,110,74.8,1,160,131,81.9
MPUMALANGA,EHLANZENI,800030478,6262812,NJ Mahlangu Secondary School,2,2,60,58,96.7,2,73,63,86.3,0,54,43,79.6
MPUMALANGA,EHLANZENI,800026393,6262607,Njeyeza Secondary School,2,0,329,219,66.6,24,254,202,79.5,22,347,232,66.9
MPUMALANGA,EHLANZENI,800030015,6242291,Noah`s Ark Private College,99,6,42,42,100.0,2,56,56,100.0,1,63,61,96.8
MPUMALANGA,EHLANZENI,800017350,6262504,Ntiyi Secondary School,1,12,23,12,52.2,15,60,24,40.0,6,38,21,55.3
MPUMALANGA,EHLANZENI,800018200,6242305,Phatfwa Secondary School,2,22,70,54,77.1,20,111,86,77.5,0,72,47,65.3
MPUMALANGA,EHLANZENI,800034589,6247009,PHOLA SECONDARY,1,41,80,22,27.5,18,104,42,40.4,49,90,84,93.3
MPUMALANGA,EHLANZENI,800018424,6262501,Phumula Secondary School,1,7,72,18,25.0,1,84,60,71.4,0,68,36,52.9
MPUMALANGA,EHLANZENI,0,6262693,PHUZA ULWAZI ACADEMY,99,,,,,0,18,17,94.4,0,22,17,77.3
MPUMALANGA,EHLANZENI,800035383,6283198,PORTIA SHABANGU,1,0,57,47,82.5,25,111,80,72.1,0,98,70,71.4
MPUMALANGA,EHLANZENI,800018721,6262711,PROFESSOR SS REPINGA COMBINED SCHOOL,1,3,32,26,81.3,0,46,33,71.7,26,68,21,30.9
MPUMALANGA,EHLANZENI,800035312,6242292,ROYAL HIGH SCHOOL,99,0,61,53,86.9,5,72,71,98.6,0,91,87,95.6
MPUMALANGA,EHLANZENI,800031070,6283307,Sabane Secondary School,1,0,51,50,98.0,6,42,42,100.0,0,79,76,96.2
MPUMALANGA,EHLANZENI,800019729,6247006,SAKHILE SECONDARY SCHOOL,2,0,81,53,65.4,14,95,62,65.3,15,90,56,62.2
MPUMALANGA,EHLANZENI,800019802,6262508,Samora Machel Secondary School,1,17,115,78,67.8,2,118,95,80.5,0,135,88,65.2
MPUMALANGA,EHLANZENI,800020495,6262803,SHAYAZA COMBINED SCHOOL,1,11,115,101,87.8,0,168,145,86.3,0,130,116,89.2
MPUMALANGA,EHLANZENI,800020511,6262804,Shinyukane Secondary School,1,24,222,178,80.2,1,261,206,78.9,2,253,211,83.4
MPUMALANGA,EHLANZENI,800020578,6262493,SHONGWE BOARDING SCHOOL,1,0,47,44,93.6,4,68,60,88.2,0,105,97,92.4
MPUMALANGA,EHLANZENI,800020651,6241905,Sibhulo Secondary School,2,23,138,113,81.9,21,217,149,68.7,0,171,139,81.3
MPUMALANGA,EHLANZENI,800020768,6242201,Sibukosetfu Secondary School,2,43,137,95,69.3,0,191,145,75.9,0,179,141,78.8
MPUMALANGA,EHLANZENI,800020784,6283202,Sibusisiwe Secondary School,3,5,222,184,82.9,18,219,176,80.4,0,412,329,79.9
MPUMALANGA,EHLANZENI,0,6283310,SICELALWATI COMBINED,2,,,,,1,29,25,86.2,0,41,39,95.1
MPUMALANGA,EHLANZENI,800034207,6283308,SICELOSETHU SECONDARY SCHOOL,1,0,37,30,81.1,13,68,67,98.5,0,99,95,96.0
MPUMALANGA,EHLANZENI,800020834,6267302,SIDLAMAFA SECONDARY SCHOOL,1,1,149,104,69.8,9,267,161,60.3,0,156,135,86.5
MPUMALANGA,EHLANZENI,800020875,6283010,Sidungeni Secondary School,1,3,78,70,89.7,5,62,57,91.9,9,78,59,75.6
MPUMALANGA,EHLANZENI,800020958,6267305,SIGWEJE SECONDARY SCHOOL,1,24,111,93,83.8,1,144,127,88.2,0,116,105,90.5
MPUMALANGA,EHLANZENI,800021071,6262806,Sikhwahlane Secondary School,1,11,153,147,96.1,0,196,179,91.3,0,226,211,93.4
MPUMALANGA,EHLANZENI,800021105,6241906,Siligane Secondary School,2,1,70,49,70.0,21,80,41,51.2,19,113,52,46.0
MPUMALANGA,EHLANZENI,800021204,6262705,Sincobile Secondary School,1,75,197,97,49.2,12,204,135,66.2,0,233,150,64.4
MPUMALANGA,EHLANZENI,800034140,6242203,Siphumelele Secondary School,2,0,83,71,85.5,0,165,139,84.2,0,146,111,76.0
MPUMALANGA,EHLANZENI,800021352,6283205,Sitfokotile Secondary School,3,10,104,72,69.2,0,202,119,58.9,0,127,106,83.5
MPUMALANGA,EHLANZENI,800021410,6283008,Sitintile Secondary School,3,21,152,107,70.4,62,242,166,68.6,5,214,153,71.5
MPUMALANGA,EHLANZENI,800022160,6262510,Sophungane Combined School,1,6,93,80,86.0,0,109,91,83.5,0,113,63,55.8
MPUMALANGA,EHLANZENI,800022186,6262407,Soshangane Secondary School,1,28,127,116,91.3,42,140,135,96.4,0,164,161,98.2
MPUMALANGA,EHLANZENI,800031096,6283192,ST MARK’S SCHOOL,99,0,45,39,86.7,11,66,56,84.8,4,87,77,88.5
MPUMALANGA,EHLANZENI,800029314,6262503,Steenbok Secondary School,1,6,62,50,80.6,10,66,60,90.9,4,78,64,82.1
MPUMALANGA,EHLANZENI,800022509,6262603,Suikerland Secondary School,4,30,200,187,93.5,43,195,179,91.8,0,225,219,97.3
MPUMALANGA,EHLANZENI,800023036,6242393,THE KING’S SCHOOL,99,0,49,49,100.0,0,55,55,100.0,0,49,47,95.9
MPUMALANGA,EHLANZENI,800035644,6241995,THE OASIS COLLEGE,99,9,100,99,99.0,11,138,138,100.0,0,138,138,100.0
MPUMALANGA,EHLANZENI,800023119,6283003,Thembeka Secondary School,2,29,86,56,65.1,20,177,128,72.3,12,114,79,69.3
MPUMALANGA,EHLANZENI,800023507,6283204,Tikhontele Secondary School,3,21,103,34,33.0,0,197,133,67.5,0,146,119,81.5
MPUMALANGA,EHLANZENI,800023515,6267306,TIKHUNI SECONDARY SCHOOL,1,13,121,115,95.0,0,168,141,83.9,0,157,147,93.6
MPUMALANGA,EHLANZENI,800023564,6262601,Tinhlonhla Secondary School,1,8,90,77,85.6,15,209,153,73.2,24,220,139,63.2
MPUMALANGA,EHLANZENI,800035464,6242293,TWIN COLLEGE,99,3,30,30,100.0,14,78,65,83.3,0,25,21,84.0
MPUMALANGA,EHLANZENI,800035656,6282907,UMLALATI LEARNING CENTRE,99,0,7,7,100.0,0,3,3,100.0,0,9,9,100.0
MPUMALANGA,EHLANZENI,800024521,6283104,Valencia Combined School,4,12,110,97,88.2,10,94,83,88.3,0,98,90,91.8
MPUMALANGA,EHLANZENI,800045610,6282906,VUSELELA LEARNING CENTRE,99,3,41,124,105,84.7,22,146,130,89.0,19,171,15791.8
MPUMALANGA,EHLANZENI,800025007,6241907,Vulindlela Secondary School,,0,16,11,68.8,2,22,13,59.1,0,8,5,62.5
MPUMALANGA,EHLANZENI,800025312,6241991,WEM KABOKWENI,99,3,27,22,81.5,6,35,29,82.9,1,39,37,94.9
MPUMALANGA,EHLANZENI,800025684,6283005,ZB Kunene Secondary School,3,62,103,63,61.2,31,153,102,66.7,64,157,82,52.2
MPUMALANGA,EHLANZENI,800025866,6262511,Zenzele Secondary School,1,0,110,69,62.7,5,116,80,69.0,18,149,81,54.4
MPUMALANGA,EHLANZENI,800035313,6241909,Zikodze Secondary school,2,31,75,58,77.3,10,90,77,85.6,33,105,93,88.6
MPUMALANGA,GERT SIBANDE,800000091,6191404,Alpheus D Nkosi Secondary School,2,15,87,70,80.5,14,132,111,84.1,0,102,96,94.1
MPUMALANGA,GERT SIBANDE,800030445,6121005,Amadlelo Aluhlaza Secondary School,1,4,173,68,39.3,2,192,107,55.7,6,217,122,56.2
MPUMALANGA,GERT SIBANDE,800000398,6191805,Azalea Combined School,3,0,49,30,61.2,3,51,31,60.8,0,53,41,77.4
MPUMALANGA,GERT SIBANDE,800000620,6110403,Bantfwabethu Secondary School,1,25,105,83,79.0,13,135,109,80.7,17,112,97,86.6
MPUMALANGA,GERT SIBANDE,800028746,6120904,Bee Maseko Secondary School,1,0,41,35,85.4,0,40,37,92.5,16,66,60,90.9
MPUMALANGA,GERT SIBANDE,800001883,6120906,Camden Combined School,1,14,22,22,100.0,0,35,33,94.3,0,35,31,88.6
MPUMALANGA,GERT SIBANDE,800001909,6121007,Cana Combined School,1,25,82,33,40.2,31,119,48,40.3,0,55,48,87.3
MPUMALANGA,GERT SIBANDE,800004481,6110204,CAROLINA AKADEMIESE SKOOL,4,1,39,37,94.9,2,38,36,94.7,2,35,34,97.1
MPUMALANGA,GERT SIBANDE,800001941,6110203,Carolina Combined School,4,2,45,28,62.2,2,60,49,81.7,0,57,52,91.2
MPUMALANGA,GERT SIBANDE,800001990,6120807,Cebisa Secondary School,2,31,77,62,80.5,36,105,62,59.0,42,90,61,67.8
MPUMALANGA,GERT SIBANDE,800009951,6191605,Chief Ampie Mayisa Secondary School,2,0,148,95,64.2,62,152,109,71.7,0,264,151,57.2
MPUMALANGA,GERT SIBANDE,800034586,6110308,Chief C J Nkosi Secondary School,1,0,27,24,88.9,0,26,26,100.0,0,31,31,100.0
MPUMALANGA,GERT SIBANDE,800002071,6110405,Chief Jerry Nkosi Secondary School,1,44,115,71,61.7,55,171,115,67.3,0,145,107,73.8
MPUMALANGA,GERT SIBANDE,800002097,6110302,Chief S W Nhlapho Secondary School,1,0,140,119,85.0,2,186,154,82.8,0,159,150,94.3
MPUMALANGA,GERT SIBANDE,800002105,6110502,Chief T D Nkosi Secondary School,1,0,106,80,75.5,24,132,106,80.3,68,127,111,87.4
MPUMALANGA,GERT SIBANDE,800002766,6110106,Dlomodlomo Secondary School,1,51,135,96,71.1,0,139,120,86.3,0,163,123,75.5
MPUMALANGA,GERT SIBANDE,800003251,6110401,Ekulindeni Secondary School,1,16,40,39,97.5,24,129,94,72.9,9,126,92,73.0
MPUMALANGA,GERT SIBANDE,800003384,6120907,Elangwane Secondary School,1,9,76,41,53.9,32,129,48,37.2,28,116,69,59.5
MPUMALANGA,GERT SIBANDE,800026724,6110103,Engabezweni Secondary School,2,30,130,54,41.5,48,88,66,75.0,34,138,106,76.8
MPUMALANGA,GERT SIBANDE,800003764,6110510,Enkhanini Secondary School,1,0,35,11,31.4,4,63,40,63.5,0,61,59,96.7
MPUMALANGA,GERT SIBANDE,800003897,6120804,ERMELO COMBINED SCHOOL,5,0,29,26,89.7,4,30,27,90.0,0,25,25,100.0
MPUMALANGA,GERT SIBANDE,800003954,6120601,Esibusisweni Combined School,1,46,57,35,61.4,0,39,32,82.1,0,60,55,91.7
MPUMALANGA,GERT SIBANDE,800035528,6121210,EZAKHENI COMBINED SCHOOL,1,1,27,18,66.7,5,72,34,47.2,10,70,39,55.7
MPUMALANGA,GERT SIBANDE,800004465,6191301,Gekombineerde Skool Balfour,4,0,47,41,87.2,0,56,47,83.9,5,60,50,83.3
MPUMALANGA,GERT SIBANDE,800005819,6191809,GEORGE HOFMEYER HIGH SCHOOL,99,0,6,6,100.0,0,0,0,,0,4,4,100.0
MPUMALANGA,GERT SIBANDE,800004614,6120606,Glen Eland Combined School,1,23,51,30,58.8,5,54,29,53.7,1,53,44,83.0
MPUMALANGA,GERT SIBANDE,800005116,6191505,Highveld Park High School,5,0,92,88,95.7,0,117,106,90.6,0,165,137,83.0
MPUMALANGA,GERT SIBANDE,800005132,6110408,Highveld Secondary School,1,38,156,142,91.0,51,241,205,85.1,25,170,164,96.5
MPUMALANGA,GERT SIBANDE,800005173,6110104,Hlabangemehlo Secondary School,1,65,134,96,71.6,37,208,110,52.9,1,205,124,60.5
MPUMALANGA,GERT SIBANDE,800000190,6121105,HLELIMFUNDO SECONDARY SCHOOL,1,42,143,104,72.7,16,152,100,65.8,13,169,133,78.7
MPUMALANGA,GERT SIBANDE,800005785,6120803,Hoerskool Ermelo,5,2,105,104,99.0,5,94,93,98.9,0,127,127,100.0
MPUMALANGA,GERT SIBANDE,800005793,6191501,Hoerskool Evander,5,0,135,99,73.3,3,167,143,85.6,0,163,140,85.9
MPUMALANGA,GERT SIBANDE,800005835,6191401,Hoerskool Hoogenhout,5,0,113,104,92.0,0,118,116,98.3,0,115,114,99.1
MPUMALANGA,GERT SIBANDE,800005892,6191604,Hoerskool Oosterland,5,0,174,153,87.9,0,167,156,93.4,0,135,121,89.6
MPUMALANGA,GERT SIBANDE,0,6127103,HOERSKOOL PIET RETIEF,5,0,138,133,96.4,0,158,149,94.3,0,135,135,100.0
MPUMALANGA,GERT SIBANDE,800005942,6191602,Hoerskool Secunda,5,0,183,181,98.9,0,155,150,96.8,0,202,198,98.0
MPUMALANGA,GERT SIBANDE,800005959,6191807,Hoerskool Standerton,4,3,142,135,95.1,0,116,111,95.7,0,116,103,88.8
MPUMALANGA,GERT SIBANDE,800005991,6121104,Hoerskool Volksrust,4,0,96,90,93.8,1,100,96,96.0,0,106,103,97.2
MPUMALANGA,GERT SIBANDE,800026625,6110409,Holeka Secondary School,1,0,62,38,61.3,1,69,46,66.7,4,58,31,53.4
MPUMALANGA,GERT SIBANDE,800005587,6191702,Holmdene Secondary School,1,19,34,30,88.2,5,49,36,73.5,0,43,40,93.0
MPUMALANGA,GERT SIBANDE,800012401,6191402,Ikhethelo Secondary School,2,66,271,222,81.9,32,319,259,81.2,77,277,231,83.4
MPUMALANGA,GERT SIBANDE,800005603,6191305,IM Manchu Secondary School,2,7,100,92,92.0,0,141,133,94.3,0,136,124,91.2
MPUMALANGA,GERT SIBANDE,800030502,6121209,Injabulo School,1,9,37,17,45.9,5,97,23,23.7,12,83,51,61.4
MPUMALANGA,GERT SIBANDE,800035606,6121009,INQUBEKO SECONDARY SCHOOL,1,78,170,134,78.8,46,190,142,74.7,27,187,154,82.4
MPUMALANGA,GERT SIBANDE,800006510,6110101,Insika Secondary School,1,33,115,75,65.2,28,133,87,65.4,6,93,86,92.5
MPUMALANGA,GERT SIBANDE,800006718,6191302,Isifisosethu Secondary School,2,20,73,36,49.3,41,92,54,58.7,0,92,65,70.7
MPUMALANGA,GERT SIBANDE,800006809,6120802,Ithafa Secondary School,2,105,197,117,59.4,79,297,142,47.8,74,204,145,71.1
MPUMALANGA,GERT SIBANDE,800035650,6120607,IZIMBALI COMBINED SCHOOL,1,1,27,25,92.6,0,39,32,82.1,1,51,43,84.3
MPUMALANGA,GERT SIBANDE,800006999,6191803,Jandrell Secondary School,1,51,183,103,56.3,3,153,106,69.3,4,166,113,68.1
MPUMALANGA,GERT SIBANDE,800007476,6127101,KEMP SIDING COMBINED SCHOOL,1,4,55,36,65.5,10,64,44,68.8,0,61,45,73.8
MPUMALANGA,GERT SIBANDE,800007773,6191806,Khula Sakhile Secondary School,1,40,103,67,65.0,8,107,76,71.0,52,174,117,67.2
MPUMALANGA,GERT SIBANDE,800010207,6191802,Khunjuliwe Secondary School,3,23,164,99,60.4,20,140,84,60.0,24,185,149,80.5
MPUMALANGA,GERT SIBANDE,800006262,6110102,Khuzulwande Secondary School,1,16,36,20,55.6,1,62,41,66.1,4,51,46,90.2
MPUMALANGA,GERT SIBANDE,800007997,6191503,Kiriyatswane Secondary School,2,0,184,101,54.9,4,212,96,45.3,0,225,89,39.6
MPUMALANGA,GERT SIBANDE,800013433,6191507,KT Twala Secondary School,2,0,273,216,79.1,0,251,183,72.9,0,407,232,57.0
MPUMALANGA,GERT SIBANDE,800008581,6191504,Kusasalethu Secondary School,2,0,121,93,76.9,0,181,156,86.2,1,279,233,83.5
MPUMALANGA,GERT SIBANDE,800002378,6120901,KWADELA SECONDARY SCHOOL,1,0,41,37,90.2,4,80,65,81.3,0,67,54,80.6
MPUMALANGA,GERT SIBANDE,800008813,6121001,Kwashuku Secondary School,1,11,105,92,87.6,19,183,138,75.4,0,137,120,87.6
MPUMALANGA,GERT SIBANDE,800009779,6120706,Lake Chrissie Secondary School,2,0,55,54,98.2,7,77,73,94.8,0,65,59,90.8
MPUMALANGA,GERT SIBANDE,800004937,6120806,LIGBRON ACADEMY OF TECHNOLOGY,5,0,161,154,95.7,0,149,148,99.3,0,157,156,99.4
MPUMALANGA,GERT SIBANDE,800010397,6110303,Ligugu Secondary School,1,21,138,87,63.0,28,167,140,83.8,39,185,165,89.2
MPUMALANGA,GERT SIBANDE,800010447,6110504,Lilanga Secondary School,1,16,212,149,70.3,14,244,195,79.9,0,352,281,79.8
MPUMALANGA,GERT SIBANDE,800010496,6120805,Lindile Secondary School,2,92,142,29,20.4,134,178,26,14.6,114,107,44,41.1
MPUMALANGA,GERT SIBANDE,800010579,6110407,Litjelembube Secondary School,1,8,135,83,61.5,2,138,73,52.9,2,128,107,83.6
MPUMALANGA,GERT SIBANDE,800010884,6110301,Lusushwana Secondary School,1,1,39,35,89.7,0,43,39,90.7,0,60,55,91.7
MPUMALANGA,GERT SIBANDE,800011544,6110305,Magotshwa Secondary School,1,13,44,38,86.4,10,47,39,83.0,7,61,61,100.0
MPUMALANGA,GERT SIBANDE,800012609,6110107,Maqhawuzela Combined School,1,3,66,37,56.1,3,50,43,86.0,4,84,63,75.0
MPUMALANGA,GERT SIBANDE,800013037,6120705,Masizakhe Secondary School,2,0,90,66,73.3,13,122,90,73.8,31,97,92,94.8
MPUMALANGA,GERT SIBANDE,800013557,6110506,Mayflower Secondary School,1,39,67,36,53.7,23,90,68,75.6,15,85,74,87.1
MPUMALANGA,GERT SIBANDE,800013631,6110304,Mbalenhle Secondary School,1,88,86,61,70.9,4,85,72,84.7,0,76,66,86.8
MPUMALANGA,GERT SIBANDE,800014027,6110507,Methula Secondary School,1,53,275,200,72.7,54,386,322,83.4,0,467,358,76.7
MPUMALANGA,GERT SIBANDE,800014464,6110105,Mkolishi Secondary School,1,34,86,67,77.9,38,107,93,86.9,8,100,99,99.0
MPUMALANGA,GERT SIBANDE,800014522,6120604,Mlilo Comprehensive School,1,0,43,40,93.0,0,78,60,76.9,0,65,48,73.8
MPUMALANGA,GERT SIBANDE,800004507,6120902,Morgenzon Landbou Akademie,5,0,35,30,85.7,0,14,14,100.0,0,23,23,100.0
MPUMALANGA,GERT SIBANDE,800035651,6110109,MOUNTAIN VALLEY COLLEGE,99,2,36,15,41.7,7,23,17,73.9,0,24,22,91.7
MPUMALANGA,GERT SIBANDE,800026708,6110503,MP Magagula Secondary School,1,8,145,120,82.8,10,207,181,87.4,2,309,277,89.6
MPUMALANGA,GERT SIBANDE,800015701,6110508,Mpuluzi Secondary School,1,4,194,160,82.5,20,165,133,80.6,30,212,173,81.6
MPUMALANGA,GERT SIBANDE,800015792,6120603,Msinyane Secondary School,1,15,61,41,67.2,15,57,36,63.2,2,53,47,88.7
MPUMALANGA,GERT SIBANDE,800016154,6191403,Mzinoni Secondary School,2,22,106,74,69.8,6,204,133,65.2,0,169,144,85.2
MPUMALANGA,GERT SIBANDE,800016238,6121206,Nalithuba Secondary School,1,0,127,77,60.6,53,218,115,52.8,33,249,182,73.1
MPUMALANGA,GERT SIBANDE,800016469,6121002,Ndlela Secondary School,1,10,373,77,20.6,11,411,160,38.9,22,389,164,42.2
MPUMALANGA,GERT SIBANDE,800035526,6120808,NETHERLAND PARK SECONDARY SCHOOL,4,1,111,105,94.6,0,115,110,95.7,0,111,110,99.1
MPUMALANGA,GERT SIBANDE,800016709,6120602,Nganana Secondary School,1,5,146,140,95.9,51,219,180,82.2,0,202,154,76.2
MPUMALANGA,GERT SIBANDE,800016758,6110402,Ngilandi Secondary School,1,4,29,22,75.9,9,48,29,60.4,34,66,48,72.7
MPUMALANGA,GERT SIBANDE,800030221,6120905,Nqobangolwazi Secondary School,1,0,84,81,96.4,4,107,88,82.2,4,119,91,76.5
MPUMALANGA,GERT SIBANDE,800017327,6191306,Nthoroane Secondary School,2,33,73,58,79.5,18,60,46,76.7,0,53,41,77.4
MPUMALANGA,GERT SIBANDE,800012617,6191506,Osizweni Secondary School,4,0,145,64,44.1,25,163,74,45.4,0,146,72,49.3
MPUMALANGA,GERT SIBANDE,800018143,6110509,Phambili Secondary School,1,9,15,7,46.7,5,37,24,64.9,0,40,37,92.5
MPUMALANGA,GERT SIBANDE,800018523,6121004,Piet Retief Combined School,1,0,42,37,88.1,0,46,33,71.7,0,50,37,74.0
MPUMALANGA,GERT SIBANDE,800018846,6121203,Qedela Secondary School,1,0,87,83,95.4,45,185,141,76.2,56,167,137,82.0
MPUMALANGA,GERT SIBANDE,800018929,6121102,Qhubulwazi Combined School,2,51,167,98,58.7,10,151,104,68.9,48,200,144,72.0
MPUMALANGA,GERT SIBANDE,800018952,6191701,Qondulwazi Secondary School,1,4,21,18,85.7,4,39,35,89.7,0,34,34,100.0
MPUMALANGA,GERT SIBANDE,800028779,6120801,Reggie Masuku Secondary School,2,11,136,116,85.3,9,173,141,81.5,0,207,149,72.0
MPUMALANGA,GERT SIBANDE,800019380,6110505,Rev Sa Nkosi Secondary School,1,7,174,141,81.0,28,192,173,90.1,0,200,164,82.0
MPUMALANGA,GERT SIBANDE,800020263,6121202,Seme Secondary School,1,69,145,55,37.9,13,109,66,60.6,14,138,84,60.9
MPUMALANGA,GERT SIBANDE,800020396,6191303,Setsheng Secondary School,2,30,42,23,54.8,20,46,23,50.0,0,65,58,89.2
MPUMALANGA,GERT SIBANDE,800021162,6110501,Simtfolile Secondary School,1,7,142,96,67.6,145,183,159,86.9,1,194,160,82.5
MPUMALANGA,GERT SIBANDE,0,6127104,SINETHEMBA SECONDARY SCHOOL,1,0,47,28,59.6,5,49,27,55.1,0,36,24,66.7
MPUMALANGA,GERT SIBANDE,800034585,6127105,SIPHOKUHLE SECONDARY SCHOOL,1,7,24,24,100.0,6,84,60,71.4,0,95,84,88.4
MPUMALANGA,GERT SIBANDE,800021345,6110404,Sisukumile Secondary School,1,3,43,36,83.7,18,84,49,58.3,6,125,94,75.2
MPUMALANGA,GERT SIBANDE,800021451,6110306,Siyabonga Secondary School,1,0,139,87,62.6,22,130,106,81.5,5,173,149,86.1
MPUMALANGA,GERT SIBANDE,800021808,6191601,Sizwakele Secondary School,2,0,195,115,59.0,4,300,226,75.3,0,305,251,82.3
MPUMALANGA,GERT SIBANDE,800022418,6191801,Stanwest Combined School,4,6,63,46,73.0,12,73,52,71.2,1,77,63,81.8
MPUMALANGA,GERT SIBANDE,800035513,6110410,T C College,99,,,,,0,12,9,75.0,0,25,20,80.0
MPUMALANGA,GERT SIBANDE,800022681,6110406,Takheni Secondary School,1,16,154,114,74.0,35,217,173,79.7,0,182,145,79.7
MPUMALANGA,GERT SIBANDE,800023028,6120702,The Gem Combined School,1,0,43,36,83.7,8,53,44,83.0,13,53,46,86.8
MPUMALANGA,GERT SIBANDE,800023176,6191502,Thistle Grove Combined School,4,0,129,74,57.4,0,107,56,52.3,14,95,48,50.5
MPUMALANGA,GERT SIBANDE,800023192,6191808,Thobelani Secondary School,1,49,147,116,78.9,14,136,108,79.4,31,179,150,83.8
MPUMALANGA,GERT SIBANDE,800023275,6191606,Thomas Nhlabathi Secondary School,2,0,165,98,59.4,7,219,108,49.3,0,167,115,68.9
MPUMALANGA,GERT SIBANDE,800023457,6191804,Thuto-Thebe Secondary School,1,7,98,76,77.6,7,127,99,78.0,0,127,112,88.2
MPUMALANGA,GERT SIBANDE,800023911,6191304,Tshepeha Combined School,2,34,34,28,82.4,2,53,40,75.5,0,41,37,90.2
MPUMALANGA,GERT SIBANDE,800024075,6120704,Ubuhle Bolwazi Secondary School,1,0,80,52,65.0,35,98,75,76.5,16,79,68,86.1
MPUMALANGA,GERT SIBANDE,800035612,6121010,UBUHLEBUZILE SECONDARY SCHOOL,1,7,246,172,69.9,114,274,221,80.7,54,275,226,82.2
MPUMALANGA,GERT SIBANDE,800024265,6120903,Umfudlana Combined School,1,0,9,3,33.3,1,14,12,85.7,1,16,15,93.8
MPUMALANGA,GERT SIBANDE,800024455,6120701,Umzimvelo Secondary School,1,0,20,18,90.0,0,22,17,77.3,0,20,20,100.0
MPUMALANGA,GERT SIBANDE,800029926,6121208,Uthaka Secondary School,1,0,44,35,79.5,0,101,55,54.5,57,138,88,63.8
MPUMALANGA,GERT SIBANDE,80035308 ,6110207,VIOLET JIYANE SECONDARY SCHOOL,1,,,,,0,75,47,62.7,0,54,48,88.9
MPUMALANGA,GERT SIBANDE,800024844,6121201,Vukubone Secondary School,1,0,28,21,75.0,8,69,43,62.3,13,93,43,46.2
MPUMALANGA,GERT SIBANDE,800024869,6191603,Vukuqhakaze Secondary School,2,0,144,69,47.9,5,148,111,75.0,0,184,128,69.6
MPUMALANGA,GERT SIBANDE,800024893,6121103,Vukuzenzele Combined School,2,0,55,44,80.0,3,88,58,65.9,1,94,60,63.8
MPUMALANGA,GERT SIBANDE,800025213,6120703,Warburton Combined School,2,8,54,52,96.3,18,63,55,87.3,5,82,82,100.0
MPUMALANGA,GERT SIBANDE,800025239,6110307,Waverley Secondary School,1,2,12,12,100.0,0,21,18,85.7,0,17,15,88.2
MPUMALANGA,GERT SIBANDE,800025858,6127102,ZENDELINGPOST COMBINED SCHOOL,1,43,100,83,83.0,4,134,28,20.9,0,135,93,68.9
MPUMALANGA,GERT SIBANDE,800025932,6191703,Zikhetheleni Secondary School,1,23,47,43,91.5,21,50,41,82.0,0,37,36,97.3
MPUMALANGA,GERT SIBANDE,800025965,6110201,Zinikeleni Secondary School,2,14,171,114,66.7,38,155,125,80.6,0,201,135,67.2
MPUMALANGA,NKANGALA,0,6304893,ALEX BENJAMIN SECONDARY SCHOOL,3,,,,,,,,,0,104,104,100.0
MPUMALANGA,NKANGALA,800000075,6305303,Allendale Secondary School,4,2,64,47,73.4,0,52,47,90.4,0,64,55,85.9
MPUMALANGA,NKANGALA,800035520,6305195,AUDEAMUS PRIVATE SCHOOL,99,,,,,0,5,4,80.0,0,4,4,100.0
MPUMALANGA,NKANGALA,800000463,6374203,Babutheni Secondary School,1,0,31,20,64.5,4,48,37,77.1,17,65,45,69.2
MPUMALANGA,NKANGALA,800000596,6304906,Bankfontein Combined School,1,5,35,24,68.6,0,27,24,88.9,0,38,36,94.7
MPUMALANGA,NKANGALA,800000828,6304707,Beestepan Agricultural School,2,0,47,39,83.0,2,53,38,71.7,8,64,50,78.1
MPUMALANGA,NKANGALA,800004473,6305003,Belfast Akademie,4,0,50,47,94.0,2,47,43,91.5,0,38,36,94.7
MPUMALANGA,NKANGALA,800001107,6374205,Bingweni Secondary School,1,0,48,40,83.3,0,74,59,79.7,4,75,62,82.7
MPUMALANGA,NKANGALA,800001396,6333404,Bonginhlanhla Secondary School,2,0,48,13,27.1,44,100,28,28.0,0,71,45,63.4
MPUMALANGA,NKANGALA,800001412,6305106,Bonginsimbi Comprehensive School,2,0,51,45,88.2,1,87,66,75.9,0,66,55,83.3
MPUMALANGA,NKANGALA,800001446,6354004,Bongumusa Secondary School,2,1,202,145,71.8,8,217,134,61.8,0,150,97,64.7
MPUMALANGA,NKANGALA,800035685,6353810,BOPHELONG COMMUNITY INDEPENDENT SCH,99,,,,,,,,,0,16,3,18.8
MPUMALANGA,NKANGALA,800001636,6304606,Botleng Secondary School,1,0,143,66,46.2,46,291,93,32.0,0,119,68,57.1
MPUMALANGA,NKANGALA,800001719,6354103,Buhlebesizwe Secondary School,1,0,85,62,72.9,13,96,61,63.5,0,119,91,76.5
MPUMALANGA,NKANGALA,800002154,6353702,Cibiliza Secondary School,3,0,39,23,59.0,13,48,21,43.8,0,42,20,47.6
MPUMALANGA,NKANGALA,800034639,6305194,CORONATION SECONDARY SCHOOL,2,9,183,142,77.6,6,221,160,72.4,0,274,211,77.0
MPUMALANGA,NKANGALA,800034583,6305209,D M Motsaosele Secondary School,2,0,148,126,85.1,5,210,176,83.8,0,193,144,74.6
MPUMALANGA,NKANGALA,800002642,6374206,Digwale Secondary School,3,6,35,29,82.9,0,46,36,78.3,2,55,52,94.5
MPUMALANGA,NKANGALA,800002873,6333401,Duduzile Secondary School,1,1,38,30,78.9,3,56,37,66.1,0,74,39,52.7
MPUMALANGA,NKANGALA,800002907,6353701,Dumeleni Secondary School,2,19,82,48,58.5,0,88,65,73.9,0,90,62,68.9
MPUMALANGA,NKANGALA,800003061,6304803,Eastdene Combined School,5,0,105,87,82.9,0,125,109,87.2,11,128,104,81.3
MPUMALANGA,NKANGALA,800003111,6305191,Ed-U-College Combined School,99,0,51,51,100.0,0,62,57,91.9,0,71,71,100.0
MPUMALANGA,NKANGALA,800003335,6304706,Ekwazini Secondary School,1,0,48,44,91.7,7,50,47,94.0,0,76,60,78.9
MPUMALANGA,NKANGALA,800003434,6353805,ELUKHANYISWENI HIGH SCHOOL,2,,,,,,,,,3,104,68,65.4
MPUMALANGA,NKANGALA,800003426,6305101,Elukhanyisweni Secondary School,2,1,120,113,94.2,0,200,167,83.5,0,139,129,92.8
MPUMALANGA,NKANGALA,800035652,6305009,EMAKHAZENI BOARDING SCHOOL,1,0,42,35,83.3,0,60,40,66.7,0,59,33,55.9
MPUMALANGA,NKANGALA,800003616,6305203,Empucukweni Secondary School,2,6,108,93,86.1,0,151,126,83.4,0,174,147,84.5
MPUMALANGA,NKANGALA,800003830,6353601,Entokozweni Secondary School,3,24,132,101,76.5,12,174,135,77.6,0,152,116,76.3
MPUMALANGA,NKANGALA,800004119,6354003,Extension K Secondary School,2,1,66,35,53.0,6,52,37,71.2,0,60,28,46.7
MPUMALANGA,NKANGALA,0,6305210,F H MKHABELA SECONDARY SCHOOL,2,0,99,67,67.7,0,127,104,81.9,0,151,98,64.9
MPUMALANGA,NKANGALA,800004499,6304804,Gekombineerde Skool Hendrina,4,0,51,47,92.2,0,50,50,100.0,0,38,37,97.4
MPUMALANGA,NKANGALA,800017590,6305206,Gekombineerde Skool Ogies,4,0,21,21,100.0,0,39,39,100.0,0,38,32,84.2
MPUMALANGA,NKANGALA,800004648,6374305,Gobolibi Secondary School,1,18,58,50,86.2,15,71,51,71.8,1,70,45,64.3
MPUMALANGA,NKANGALA,800034582,6333413,GRACE CHRISTIAN PRIVATE SCHOOL,99,0,25,23,92.0,1,31,31,100.0,1,37,32,86.5
MPUMALANGA,NKANGALA,800004770,6305302,Greendale School,4,0,95,70,73.7,0,84,66,78.6,0,100,81,81.0
MPUMALANGA,NKANGALA,800005223,6374202,Hlalakahle Secondary School,1,21,270,124,45.9,11,250,122,48.8,48,279,140,50.2
MPUMALANGA,NKANGALA,800005306,6333502,Hlanganani Secondary School,1,52,118,68,57.6,26,117,98,83.8,20,142,108,76.1
MPUMALANGA,NKANGALA,800005421,6353605,Hlomani Secondary School,1,6,38,32,84.2,21,66,53,80.3,0,53,35,66.0
MPUMALANGA,NKANGALA,800005454,6353806,Hlonipha Secondary School,2,0,168,128,76.2,14,182,139,76.4,0,197,125,63.5
MPUMALANGA,NKANGALA,800005504,6353707,Hluzingqondo Secondary School,3,0,68,60,88.2,10,96,84,87.5,0,139,110,79.1
MPUMALANGA,NKANGALA,800005769,6304605,Hoerskool Delmas,4,0,90,90,100.0,6,94,92,97.9,0,91,88,96.7
MPUMALANGA,NKANGALA,800005801,6305107,Hoerskool Generaal Hertzog,4,0,194,187,96.4,0,191,189,99.0,0,177,171,96.6
MPUMALANGA,NKANGALA,800005843,6304902,Hoerskool Kanonkop,4,0,99,98,99.0,0,117,116,99.1,0,120,119,99.2
MPUMALANGA,NKANGALA,800005850,6305306,Hoerskool Kriel,4,0,155,127,81.9,1,129,121,93.8,0,168,160,95.2
MPUMALANGA,NKANGALA,800005876,6304702,Hoerskool Middelburg,4,0,178,178,100.0,0,166,161,97.0,0,161,161,100.0
MPUMALANGA,NKANGALA,800005900,6305204,Hoerskool Patriot,5,0,151,151,100.0,0,167,166,99.4,0,168,166,98.8
MPUMALANGA,NKANGALA,800005926,6305309,HOeRSKOOL REYNOPARK,4,0,88,62,70.5,0,103,67,65.0,0,94,70,74.5
MPUMALANGA,NKANGALA,800004945,6304704,HTS Middelburg,4,0,212,209,98.6,0,160,160,100.0,0,213,210,98.6
MPUMALANGA,NKANGALA,800004952,6305103,HTS Witbank,4,0,200,190,95.0,0,208,190,91.3,0,194,189,97.4
MPUMALANGA,NKANGALA,800006130,6305307,Ilanga Secondary School,1,4,70,50,71.4,9,75,55,73.3,0,85,61,71.8
MPUMALANGA,NKANGALA,800006189,6305006,Imemeza Secondary School,2,0,38,37,97.4,1,74,53,71.6,0,58,52,89.7
MPUMALANGA,NKANGALA,0,6337209,INTUTHUKO SECONDARY SCHOOL,1,15,40,31,77.5,0,50,30,60.0,8,38,34,89.5
MPUMALANGA,NKANGALA,800007583,6374306,Khamane Secondary School,2,0,127,74,58.3,0,96,57,59.4,0,112,61,54.5
MPUMALANGA,NKANGALA,800007658,6305007,Khayalami Secondary School,3,16,113,102,90.3,30,161,96,59.6,0,193,122,63.2
MPUMALANGA,NKANGALA,800029652,6353904,King Makhosonke Ii Secondary School,2,0,184,110,59.8,17,215,128,59.5,33,276,181,65.6
MPUMALANGA,NKANGALA,800035714,6305211,KLEINWATER COLLEGE,99,,,,,,,,,0,5,4,80.0
MPUMALANGA,NKANGALA,800009308,6305008,Klipspruit Combined School,1,0,27,26,96.3,10,41,33,80.5,0,49,44,89.8
MPUMALANGA,NKANGALA,800008458,6305102,Kopanang Secondary School,2,5,91,81,89.0,10,136,116,85.3,2,127,100,78.7
MPUMALANGA,NKANGALA,800008698,6374207,Kwamanala Secondary School,2,0,158,91,57.6,0,159,97,61.0,0,155,133,85.8
MPUMALANGA,NKANGALA,800008730,6353902,Kwamhlanga Secondary School,2,2,121,101,83.5,26,186,117,62.9,0,148,113,76.4
MPUMALANGA,NKANGALA,800008771,6333409,Kwandebele Science Combined School,2,36,137,98,71.5,9,151,127,84.1,0,183,135,73.8
MPUMALANGA,NKANGALA,800008839,6304805,Kwazamokuhle Secondary School,2,0,310,249,80.3,59,354,247,69.8,4,182,153,84.1
MPUMALANGA,NKANGALA,800029330,6304708,LD Moetanalo Secondary School,3,2,132,111,84.1,6,132,114,86.4,5,199,166,83.4
MPUMALANGA,NKANGALA,800010041,6374302,Lehlabile Secondary School,1,0,34,13,38.2,3,52,33,63.5,0,50,18,36.0
MPUMALANGA,NKANGALA,800010058,6305301,Lehlaka Combined School,3,0,36,16,44.4,0,32,8,25.0,0,35,24,68.6
MPUMALANGA,NKANGALA,800030569,6305207,Leonard Ntshuntshe Secondary School,2,0,106,88,83.0,0,203,159,78.3,0,162,140,86.4
MPUMALANGA,NKANGALA,800005025,6353802,Lethabong Secondary School,2,30,95,73,76.8,34,140,96,68.6,11,255,144,56.5
MPUMALANGA,NKANGALA,800010553,6374505,Litho Secondary School,1,0,49,34,69.4,0,60,54,90.0,0,80,54,67.5
MPUMALANGA,NKANGALA,800011049,6305205,Mabande Comprehensive High School,2,1,136,113,83.1,0,246,160,65.0,0,155,112,72.3
MPUMALANGA,NKANGALA,800028902,6374402,Mabothe Secondary School,2,25,194,145,74.7,10,242,196,81.0,1,276,198,71.7
MPUMALANGA,NKANGALA,800011197,6333503,Mabusabesala Secondary School,2,11,79,32,40.5,11,75,38,50.7,0,70,41,58.6
MPUMALANGA,NKANGALA,800011338,6337206,MADLAYEDWA SECONDARY SCHOOL,1,0,39,16,41.0,2,40,29,72.5,2,42,19,45.2
MPUMALANGA,NKANGALA,800011353,6337201,MADODA SECONDARY SCHOOL,1,22,39,20,51.3,0,51,16,31.4,19,75,24,32.0
MPUMALANGA,NKANGALA,800029397,6304601,Mafa Max Motloung Secondary School,1,0,160,154,96.3,0,203,189,93.1,0,200,194,97.0
MPUMALANGA,NKANGALA,800011445,6353703,Mafu Secondary School,3,19,83,75,90.4,0,147,127,86.4,25,149,125,83.9
MPUMALANGA,NKANGALA,800011825,6305304,Makause Combined School,2,4,82,81,98.8,4,92,87,94.6,0,151,133,88.1
MPUMALANGA,NKANGALA,0,6337203,MAKHOSANA SECONDARY SCHOOL,1,44,104,58,55.8,4,89,41,46.1,27,85,56,65.9
MPUMALANGA,NKANGALA,800012039,6374301,Malatse Secondary School,1,0,64,31,48.4,5,78,39,50.0,0,48,35,72.9
MPUMALANGA,NKANGALA,800012062,6374204,Malebo Secondary School,2,0,39,24,61.5,3,34,21,61.8,8,53,37,69.8
MPUMALANGA,NKANGALA,800012229,6354001,Mandlethu Senior Secondary School,2,0,100,76,76.0,8,128,90,70.3,0,129,106,82.2
MPUMALANGA,NKANGALA,800012302,6374403,Manoka Secondary School,2,0,43,21,48.8,3,57,43,75.4,0,51,35,68.6
MPUMALANGA,NKANGALA,800026591,6353607,Marhagi Secondary School,2,1,144,101,70.1,26,190,105,55.3,0,230,118,51.3
MPUMALANGA,NKANGALA,800012732,6354007,MARIDILI FET,2,,,,,,,,,0,65,18,27.7
MPUMALANGA,NKANGALA,0,6353906,MATIMBA SECONDARY SCHOOL,2,,,,,,,,,0,230,177,77.0
MPUMALANGA,NKANGALA,800013573,6333508,Mayisha Secondary School,2,2,93,55,59.1,9,96,56,58.3,0,86,65,75.6
MPUMALANGA,NKANGALA,800013623,6354106,Mbalenhle Secondary School,1,0,102,81,79.4,48,145,97,66.9,0,102,50,49.0
MPUMALANGA,NKANGALA,800013789,6374201,Mbulawa Secondary School,1,2,50,47,94.0,3,68,61,89.7,3,81,75,92.6
MPUMALANGA,NKANGALA,800013979,6305208,Mehlwana Secondary School,2,2,129,116,89.9,4,105,90,85.7,0,119,104,87.4
MPUMALANGA,NKANGALA,800014118,6353603,Mgudlwa Secondary School,1,0,123,70,56.9,18,161,97,60.2,0,185,123,66.5
MPUMALANGA,NKANGALA,800014274,6304806,Middelburg Combined School,4,8,108,75,69.4,22,74,59,79.7,1,104,74,71.2
MPUMALANGA,NKANGALA,800015842,6304891,Middelburg Muslim School,99,0,12,12,100.0,0,17,17,100.0,0,19,19,100.0
MPUMALANGA,NKANGALA,800014399,6353606,Mkhephuli Secondary School,1,3,33,19,57.6,15,28,15,53.6,8,52,38,73.1
MPUMALANGA,NKANGALA,800014449,6304904,Mkhulu Combined School,1,0,70,61,87.1,0,107,78,72.9,0,105,81,77.1
MPUMALANGA,NKANGALA,800026567,6353807,Mkhutshwa Secondary School,2,0,13,4,30.8,21,31,8,25.8,8,32,9,28.1
MPUMALANGA,NKANGALA,800014654,6374404,Mmametlhake Secondary School,1,0,109,54,49.5,8,120,69,57.5,21,114,62,54.4
MPUMALANGA,NKANGALA,800014712,6333407,Mmashadi Secondary School,1,13,60,56,93.3,11,102,90,88.2,29,101,86,85.1
MPUMALANGA,NKANGALA,800014860,6374304,Moepi Secondary School,2,5,82,50,61.0,4,44,39,88.6,7,38,37,97.4
MPUMALANGA,NKANGALA,800014886,6337207,MOGOBOSHENG SECONDARY SCHOOL,1,2,18,16,88.9,0,15,13,86.7,3,28,25,89.3
MPUMALANGA,NKANGALA,800014969,6333506,Mokebe Secondary School,1,14,51,49,96.1,0,99,92,92.9,4,137,132,96.4
MPUMALANGA,NKANGALA,0,6374506,MOLEBYE COMBINED SCHOOL,1,,,,,,,,,0,34,23,67.6
MPUMALANGA,NKANGALA,800015222,6305005,Morelig Combined School,2,0,40,37,92.5,0,49,39,79.6,0,59,49,83.1
MPUMALANGA,NKANGALA,800035609,6304909,MOSES MAGAGULA,99,,,,,0,8,0,0.0,0,10,3,30.0
MPUMALANGA,NKANGALA,800015545,6353602,Mphalali Secondary School,3,10,51,33,64.7,5,117,72,61.5,0,96,63,65.6
MPUMALANGA,NKANGALA,800015552,6304705,Mphanama Secondary School,3,28,162,147,90.7,10,186,172,92.5,0,202,193,95.5
MPUMALANGA,NKANGALA,800035499,6353611,MPHUMELOMUHLE SECONDARY SCHOOL,1,1,25,22,88.0,0,20,19,95.0,0,27,26,96.3
MPUMALANGA,NKANGALA,800015735,6353705,Mpumelelo Secondary School,3,0,68,58,85.3,15,97,85,87.6,0,100,66,66.0
MPUMALANGA,NKANGALA,800016022,6353804,Musa Secondary School,2,0,205,168,82.0,30,291,210,72.2,0,220,175,79.5
MPUMALANGA,NKANGALA,800016147,6354101,Mzimhlophe Secondary School,2,12,45,18,40.0,0,75,33,44.0,0,54,35,64.8
MPUMALANGA,NKANGALA,800016253,6353706,Nansindlela Secondary School,2,29,96,76,79.2,0,57,49,86.0,0,133,90,67.7
MPUMALANGA,NKANGALA,800016535,6353903,Ndzundza Mabhoko Secondary School,2,28,153,133,86.9,40,203,169,83.3,28,237,173,73.0
MPUMALANGA,NKANGALA,800018135,6354102,Phambili Secondary School,2,11,94,85,90.4,43,127,105,82.7,0,144,130,90.3
MPUMALANGA,NKANGALA,800018192,6304604,Phaphamani Secondary School,1,127,215,88,40.9,127,202,82,40.6,1,171,107,62.6
MPUMALANGA,NKANGALA,800018283,6305201,Phillip Ndimande Secondary School,2,14,151,117,77.5,0,159,131,82.4,0,157,139,88.5
MPUMALANGA,NKANGALA,800007385,6304801,PHUMELELA SECONDARY SCHOOL,3,4,145,122,84.1,13,169,137,81.1,0,180,152,84.4
MPUMALANGA,NKANGALA,800018457,6354002,Phumzile Secondary School,2,1,170,160,94.1,8,196,181,92.3,0,197,153,77.7
MPUMALANGA,NKANGALA,800018564,6305105,Pine Ridge Combined School,2,0,133,61,45.9,0,95,56,58.9,0,92,64,69.6
MPUMALANGA,NKANGALA,800018770,6374503,Pungutsha Secondary School,1,0,69,36,52.2,14,75,53,70.7,0,109,68,62.4
MPUMALANGA,NKANGALA,800019117,6374501,Ramoshidi Secondary School,1,31,78,43,55.1,14,69,46,66.7,0,59,45,76.3
MPUMALANGA,NKANGALA,800019174,6374401,Ratlhahana Secondary School,2,2,60,45,75.0,3,113,68,60.2,0,119,93,78.2
MPUMALANGA,NKANGALA,800035648,6304711,SAINT PETER CHRISTIAN COLLEGE,99,,,,,0,23,18,78.3,0,26,20,76.9
MPUMALANGA,NKANGALA,800020016,6374504,Seabe Secondary School,1,16,119,109,91.6,7,126,109,86.5,0,95,88,92.6
MPUMALANGA,NKANGALA,800020248,6353808,SELE SENIOR SECONDARY SCHOOL,2,0,27,23,85.2,0,28,26,92.9,0,18,14,77.8
MPUMALANGA,NKANGALA,800020339,6353905,Senzangakhona Secondary School,2,0,223,164,73.5,14,229,184,80.3,0,308,197,64.0
MPUMALANGA,NKANGALA,800020362,6374307,Seruane Secondary School,1,0,42,40,95.2,13,77,66,85.7,10,86,76,88.4
MPUMALANGA,NKANGALA,800020693,6305305,Sibongamandla Secondary School,1,0,174,106,60.9,4,207,110,53.1,0,175,134,76.6
MPUMALANGA,NKANGALA,800020859,6337208,SIDLASOKE SECONDARY SCHOOL,1,8,43,32,74.4,6,39,30,76.9,6,50,37,74.0
MPUMALANGA,NKANGALA,800021006,6353608,Sihlengiwe Secondary School,1,7,59,51,86.4,3,85,62,72.9,17,97,53,54.6
MPUMALANGA,NKANGALA,800021048,6305001,Sikhulile Secondary School,2,0,54,45,83.3,41,103,50,48.5,0,102,59,57.8
MPUMALANGA,NKANGALA,800021097,6353803,Silamba Secondary School,2,38,137,109,79.6,0,189,143,75.7,0,190,122,64.2
MPUMALANGA,NKANGALA,800021386,6374303,Sithenjisiwe Secondary School,1,0,44,32,72.7,4,42,34,81.0,0,63,48,76.2
MPUMALANGA,NKANGALA,800021436,6333511,Sivumelene Secondary School,2,0,34,33,97.1,8,62,55,88.7,0,67,51,76.1
MPUMALANGA,NKANGALA,800021584,6333405,Siyathokoza Secondary School,1,7,32,23,71.9,12,45,30,66.7,0,34,29,85.3
MPUMALANGA,NKANGALA,800001891,6305002,Siyifunile Secondary School,2,1,39,39,100.0,19,78,42,53.8,0,79,47,59.5
MPUMALANGA,NKANGALA,800021899,6337205,SOBANTU SECONDARY SCHOOL,1,1,64,45,70.3,0,122,84,68.9,18,98,61,62.2
MPUMALANGA,NKANGALA,800021923,6304701,Sofunda Secondary School,3,0,88,26,29.5,0,126,41,32.5,0,83,32,38.6
MPUMALANGA,NKANGALA,800022053,6333411,Somkhahlekwa Secondary School,1,23,56,44,78.6,17,56,21,37.5,0,41,35,85.4
MPUMALANGA,NKANGALA,800022087,6354005,Somsuswa Secondary School,2,0,181,113,62.4,16,208,165,79.3,0,161,110,68.3
MPUMALANGA,NKANGALA,800022210,6337202,SOVETJHEZA SECONDARY SCHOOL,1,39,89,69,77.5,0,157,94,59.9,79,252,163,64.7
MPUMALANGA,NKANGALA,800022228,6304703,Sozama Secondary School,3,24,75,45,60.0,11,90,61,67.8,0,73,59,80.8
MPUMALANGA,NKANGALA,800022434,6304901,Steelcrest High School,4,0,135,135,100.0,0,146,140,95.9,0,150,147,98.0
MPUMALANGA,NKANGALA,800035677,6304907,STEVE TSHWETE BOARDING SCHOOL,1,0,24,22,91.7,3,22,19,86.4,0,27,19,70.4
MPUMALANGA,NKANGALA,800005512,6304602,Sundra Secondary School,1,0,70,52,74.3,2,107,56,52.3,0,84,45,53.6
MPUMALANGA,NKANGALA,800022616,6304603,Swartklip Combined School,1,0,66,18,27.3,45,111,20,18.0,0,80,38,47.5
MPUMALANGA,NKANGALA,800023267,6333501,Tholulwazi Secondary School,1,10,104,82,78.8,19,126,76,60.3,25,97,63,64.9
MPUMALANGA,NKANGALA,800023325,6374502,Thufane Secondary School,1,8,58,42,72.4,6,112,64,57.1,0,64,63,98.4
MPUMALANGA,NKANGALA,800029561,6305004,Tonteldoos Secondary School,1,11,40,22,55.0,5,52,29,55.8,0,32,21,65.6
MPUMALANGA,NKANGALA,800023283,6305308,TP SILILO SECONDARY SCHOOL,4,0,57,50,87.7,4,85,67,78.8,7,106,76,71.7
MPUMALANGA,NKANGALA,800023960,6304905,Tshwenyane Combined School,1,1,122,97,79.5,3,164,139,84.8,23,177,151,85.3
MPUMALANGA,NKANGALA,800024083,6333412,Ubuhlebethu Secondary School,3,31,65,39,60.0,43,117,34,29.1,51,98,35,35.7
MPUMALANGA,NKANGALA,800035602,6353809,VEZIKGONO SECONDARY SCHOOL,2,,,,,,,,,0,86,42,48.8
MPUMALANGA,NKANGALA,800024604,6337204,VEZILWAZI SECONDARY SCHOOL,1,37,72,57,79.2,69,143,86,60.1,34,113,80,70.8
MPUMALANGA,NKANGALA,800024885,6354006,Vukuzame Secondary School,2,1,85,58,68.2,18,100,79,79.0,0,112,84,75.0
MPUMALANGA,NKANGALA,800024919,6354104,Vukuzenzele Secondary School,2,35,104,74,71.2,29,163,116,71.2,40,146,117,80.1
MPUMALANGA,NKANGALA,800025064,6354107,Vumabesala Secondary School,1,22,86,48,55.8,2,108,58,53.7,0,86,43,50.0
MPUMALANGA,NKANGALA,800035704,6305196,WITBANK COMBINED CHRISTIAN SCHOOL,99,,,,,0,34,20,58.8,0,29,21,72.4
MPUMALANGA,NKANGALA,800025478,6305104,Witbank High School,5,0,213,102,47.9,16,165,140,84.8,0,285,217,76.1
MPUMALANGA,NKANGALA,800025726,6305202,Zacheus Malaza Secondary School,2,7,99,66,66.7,0,159,107,67.3,3,136,114,83.8
MPUMALANGA,NKANGALA,800031088,6353901,Zakheni High School,2,6,93,67,72.0,51,190,107,56.3,0,180,121,67.2
MPUMALANGA,NKANGALA,800025916,6354105,Zidobhele Secondary School,2,19,81,48,59.3,12,77,49,63.6,1,94,58,61.7
MPUMALANGA,NKANGALA,800029629,6353801,Ziphakamiseni Secondary School,2,12,136,95,69.9,40,159,135,84.9,24,168,118,70.2
