NORTH WEST,BOJANALA PLATINUM,600100010,9111003,ACADAMY FOR CHRISTIAN EDUCATION,99,0,58,56,96.6,0,66,66,100.0,0,83,82,98.8
NORTH WEST,BOJANALA PLATINUM,600100022,9121005,ALFRED MAUBANE SCHOOL,2,3,60,56,93.3,16,71,58,81.7,8,123,106,86.2
NORTH WEST,BOJANALA PLATINUM,600100045,9121008,BADUMEDI SECONDARY SCHOOL,1,13,62,46,74.2,3,95,74,77.9,1,87,76,87.4
NORTH WEST,BOJANALA PLATINUM,600100046,9121009,BAFEDILE SECONDARY SCHOOL,3,14,59,50,84.7,0,97,84,86.6,4,60,55,91.7
NORTH WEST,BOJANALA PLATINUM,600100048,9152002,BAFOKENG HIGH SCHOOL,4,7,137,122,89.1,0,147,130,88.4,0,167,143,85.6
NORTH WEST,BOJANALA PLATINUM,600100065,9152004,BAKWENA HIGH SCHOOL,2,0,100,88,88.0,0,104,93,89.4,18,116,103,88.8
NORTH WEST,BOJANALA PLATINUM,600100091,9132009,BATLENG HIGH SCHOOL,1,3,37,37,100.0,12,61,57,93.4,5,36,31,86.1
NORTH WEST,BOJANALA PLATINUM,600100504,9152013,BERGSIG HIGH SCHOOL,5,0,178,177,99.4,0,197,191,97.0,0,189,188,99.5
NORTH WEST,BOJANALA PLATINUM,600100137,9152014,BOIKAGONG SECONDARY SCHOOL,3,13,197,157,79.7,0,164,145,88.4,0,207,192,92.8
NORTH WEST,BOJANALA PLATINUM,600105417,9152241,BOITEKONG II SECONDARY SCHOOL,1,,,,,,,,,3,126,123,97.6
NORTH WEST,BOJANALA PLATINUM,600105062,9152224,BOITEKONG SEC SCHOOL,3,0,318,227,71.4,0,394,248,62.9,0,276,181,65.6
NORTH WEST,BOJANALA PLATINUM,600100210,9111017,BOTLHABELO HIGH SCHOOL,3,0,173,131,75.7,0,176,142,80.7,38,283,213,75.3
NORTH WEST,BOJANALA PLATINUM,600100505,9111020,BRITS HIGH SCHOOL,4,0,123,123,100.0,0,140,140,100.0,0,108,107,99.1
NORTH WEST,BOJANALA PLATINUM,600103619,9111022,CENTRAL SECONDARY,4,1,84,73,86.9,0,91,88,96.7,0,135,130,96.3
NORTH WEST,BOJANALA PLATINUM,600100236,9152016,CHARORA HIGH SCHOOL,1,0,166,114,68.7,0,155,140,90.3,14,134,93,69.4
NORTH WEST,BOJANALA PLATINUM,600105410,9112242,CITY OF LIFE CHRISTIAN SCHOOL,99,,,,,,,,,0,14,0,0.0
NORTH WEST,BOJANALA PLATINUM,600105359,9118038,DIPHETOGO SECONDARY SCHOOL,2,15,86,70,81.4,0,93,79,84.9,5,111,93,83.8
NORTH WEST,BOJANALA PLATINUM,600105253,9111264,EAGLE CHRISTIAN COLLEGE,99,7,62,47,75.8,0,55,36,65.5,1,52,50,96.2
NORTH WEST,BOJANALA PLATINUM,600100353,9111034,ELETSA SECONDARY SCHOOL,2,30,185,162,87.6,0,176,137,77.8,0,207,137,66.2
NORTH WEST,BOJANALA PLATINUM,600100370,9152193,FIELDS COLLEGE,4,0,98,95,96.9,0,111,108,97.3,0,114,114,100.0
NORTH WEST,BOJANALA PLATINUM,600105075,9152233,FREEDOM PARK SECONDARY SCHOOL,3,20,180,130,72.2,5,176,147,83.5,0,162,140,86.4
NORTH WEST,BOJANALA PLATINUM,600100379,9111038,FUMANE SECONDARY SCHOOL,3,14,97,82,84.5,1,131,115,87.8,9,138,124,89.9
NORTH WEST,BOJANALA PLATINUM,600100385,9132021,GABONEWE SECONDARY SCHOOL,1,8,34,30,88.2,0,58,50,86.2,0,50,40,80.0
NORTH WEST,BOJANALA PLATINUM,600100414,9132023,GAOPOTLAKE SECONDARY SCHOOL,3,0,80,76,95.0,9,97,83,85.6,32,76,56,73.7
NORTH WEST,BOJANALA PLATINUM,600100416,9132024,GAOTIME SECONDARY SCHOOL,1,3,25,13,52.0,4,53,24,45.3,9,29,18,62.1
NORTH WEST,BOJANALA PLATINUM,600100423,9121041,GASEITSIWE HIGH SCHOOL,1,0,52,34,65.4,0,43,27,62.8,6,51,43,84.3
NORTH WEST,BOJANALA PLATINUM,600105061,9152227,GEELHOUT PARK SECONDARY,4,0,134,95,70.9,0,169,116,68.6,7,157,94,59.9
NORTH WEST,BOJANALA PLATINUM,600100506,9152026,GRENSWAG HIGH SCHOOL,4,0,157,139,88.5,0,178,139,78.1,0,195,163,83.6
NORTH WEST,BOJANALA PLATINUM,600100472,9152027,GRENVILLE HIGH SCHOOL,4,2,182,171,94.0,0,190,182,95.8,0,214,207,96.7
NORTH WEST,BOJANALA PLATINUM,600100497,9152028,H F TLOU HIGH SCHOOL,3,5,209,204,97.6,0,220,210,95.5,1,234,222,94.9
NORTH WEST,BOJANALA PLATINUM,600100501,9152029,H T S RUSTENBURG,4,2,104,83,79.8,1,124,99,79.8,0,143,111,77.6
NORTH WEST,BOJANALA PLATINUM,600105414,9119008,HAMAKOM PRIVAATSKOOL,99,0,7,7,100.0,0,7,7,100.0,0,4,4,100.0
NORTH WEST,BOJANALA PLATINUM,600105159,9159009,HARMONY CHRISTIAN SCHOOL,99,0,7,6,85.7,0,10,10,100.0,0,15,15,100.0
NORTH WEST,BOJANALA PLATINUM,600100507,9111047,HARTBEESPOORT HIGH SCHOOL,5,0,128,124,96.9,1,153,147,96.1,0,154,150,97.4
NORTH WEST,BOJANALA PLATINUM,600101448,9111048,HEBRON TECH AND COMM HIGH SCHOOL,3,67,259,138,53.3,1,151,102,67.5,1,129,90,69.8
NORTH WEST,BOJANALA PLATINUM,600100493,9121049,HENDRIK MAKAPAN HIGH SCHOOL,3,40,158,97,61.4,29,80,53,66.3,4,94,65,69.1
NORTH WEST,BOJANALA PLATINUM,600100495,9132030,HERMAN THEBE HIGH SCHOOL,3,16,50,44,88.0,0,79,57,72.2, 15,64,58,90.6
NORTH WEST,BOJANALA PLATINUM,600100511,9132031,HOLY FAMILY COMBINED SCHOOL,4,17,121,102,84.3,1,120,92,76.7,0,120,83,69.2
NORTH WEST,BOJANALA PLATINUM,600100528,9121054,IKANENG HIGH SCHOOL,1,3,36,32,88.9,0,53,49,92.5,3,52,47,90.4
NORTH WEST,BOJANALA PLATINUM,600100530,9111055,IKATISONG SECONDARY SCHOOL,3,54,190,138,72.6,7,268,141,52.6,0,224,198,88.4
NORTH WEST,BOJANALA PLATINUM,600100534,9152032,IKETLETSO SECONDARY SCHOOL,2,0,226,198,87.6,0,214,192,89.7,0,265,242,91.3
NORTH WEST,BOJANALA PLATINUM,600100567,9121059,ITHUTENG COMMERCIAL HIGH SCHOOL,3,8,116,103,88.8,1,147,125,85.0,2,146,116,79.5
NORTH WEST,BOJANALA PLATINUM,600105127,9111262,ITSOSENG COMBINED SCHOOL,2,18,94,56,59.6,0,85,54,63.5,0,81,76,93.8
NORTH WEST,BOJANALA PLATINUM,600100582,9132036,ITUMELENG SECONDARY SCHOOL,3,24,96,78,81.3,1,206,149,72.3,4,194,132,68.0
NORTH WEST,BOJANALA PLATINUM,600100599,9132038,J M NTSIME SCHOOL,4,30,226,158,69.9,10,221,174,78.7,0,209,148,70.8
NORTH WEST,BOJANALA PLATINUM,600100598,9111061,JETHRO PELLE HIGH SCHOOL,1,14,69,52,75.4,12,100,75,75.0,1,66,62,93.9
NORTH WEST,BOJANALA PLATINUM,600100600,9111062,JOHANE MOKOLOBETSI SECONDARY SCHOOL,1,2,155,141,91.0,4,220,168,76.4, 10,113,103,91.2
NORTH WEST,BOJANALA PLATINUM,600100615,9132039,KALAFI HIGH SCHOOL,3,6,38,32,84.2,5,38,34,89.5,9,42,32,76.2
NORTH WEST,BOJANALA PLATINUM,600100653,9152200,KELE COMBINED SCHOOL,99,0,25,21,84.0,0,41,37,90.2,0,28,22,78.6
NORTH WEST,BOJANALA PLATINUM,600100655,9152065,KELEDI SECONDARY SCHOOL,3,0,86,69,80.2,0,140,113,80.7,0,124,97,78.2
NORTH WEST,BOJANALA PLATINUM,600100671,9132044,KGALATLOWE HIGH SCHOOL,2,5,73,68,93.2,5,82,73,89.0, 11,69,67,97.1
NORTH WEST,BOJANALA PLATINUM,600100673,9132045,KGAMANYANE HIGH SCHOOL,2,14,65,60,92.3,1,77,68,88.3, 18,56,41,73.2
NORTH WEST,BOJANALA PLATINUM,600100675,9121063,KGAPHAMADI SCHOOL,2,0,123,84,68.3,0,193,151,78.2, 17,190,153,80.5
NORTH WEST,BOJANALA PLATINUM,600100677,9158039,KGATSHENG-THABISO SEC SCHOOL,3,3,183,112,61.2,0,158,128,81.0,2,144,109,75.7
NORTH WEST,BOJANALA PLATINUM,600100695,9132049,KGOSIBODIBA COMMERCIAL SEC SCHOOL,3,3,58,49,84.5,10,82,70,85.4, 23,72,50,69.4
NORTH WEST,BOJANALA PLATINUM,600100706,9152050,KHAYALETHU SEC SCHOOL,1,0,80,49,61.3,0,102,68,66.7,3,74,50,67.6
NORTH WEST,BOJANALA PLATINUM,600100736,9111070,KLIPGAT HIGH SCHOOL,1,17,84,75,89.3,0,105,95,90.5, 26,162,141,87.0
NORTH WEST,BOJANALA PLATINUM,600100768,9162056,KOSTER HIGH SCHOOL,3,0,25,22,88.0,0,24,23,95.8,0,19,19,100.0
NORTH WEST,BOJANALA PLATINUM,600100793,9132058,KWENA TLASE SEC SCHOOL,1,19,101,84,83.2,23,77,71,92.2,7,85,79,92.9
NORTH WEST,BOJANALA PLATINUM,600100815,9132059,LANGA-LA-SEMBO HIGH SCHOOL,1,0,48,35,72.9,10,45,27,60.0,4,45,31,68.9
NORTH WEST,BOJANALA PLATINUM,600100867,9132061,LEROME SECONDARY SCHOOL,1,0,103,73,70.9,39,138,98,71.0,8,117,90,76.9
NORTH WEST,BOJANALA PLATINUM,600100868,9152063,LEROTHODI HIGH SCHOOL,3,11,66,56,84.8,0,68,60,88.2, 11,79,72,91.1
NORTH WEST,BOJANALA PLATINUM,600100877,9152064,LESELE SECONDARY SCHOOL,2,7,52,40,76.9,6,60,37,61.7,6,54,30,55.6
NORTH WEST,BOJANALA PLATINUM,600100889,9121081,LETLAPE SECONDARY SCHOOL,1,0,26,20,76.9,0,40,31,77.5,0,53,44,83.0
NORTH WEST,BOJANALA PLATINUM,600100894,9122239,LETLOPI SECONDARY SCHOOL,3,,,,,0,36,10,27.8,6,26,10,38.5
NORTH WEST,BOJANALA PLATINUM,600103620,9111085,LIGHTHOUSE CHRISTIAN COLLEGE,99,2,28,28,100.0,0,30,30,100.0,0,26,26,100.0
NORTH WEST,BOJANALA PLATINUM,600100910,9121086,LOALANE SEC SCHOOL,1,13,71,55,77.5,19,101,77,76.2,21,83,64,77.1
NORTH WEST,BOJANALA PLATINUM,600100911,9121087,LOBANG HIGH SCHOOL,1,0,15,10,66.7,0,12,10,83.3,4,27,18,66.7
NORTH WEST,BOJANALA PLATINUM,600100932,9111090,LOT MASHIANE SECONDARY SCHOOL,1,13,49,43,87.8,0,76,62,81.6,0,98,89,90.8
NORTH WEST,BOJANALA PLATINUM,600100964,9111095,MACHADAM COMBINED SCHOOL,3,0,24,24,100.0,0,28,27,96.4,0,26,26,100.0
NORTH WEST,BOJANALA PLATINUM,600105294,9111072,MADIBA-A-TOLOANE SEC SCHOOL,2,42,149,124,83.2,0,150,132,88.0,10,145,131,90.3
NORTH WEST,BOJANALA PLATINUM,600101036,9132072,MAKOBA SECONDARY SCHOOL,3,0,7,6,85.7,0,8,6,75.0,1,14,10,71.4
NORTH WEST,BOJANALA PLATINUM,600101040,9132073,MAKUKA MIDDLE SCHOOL,1,9,56,47,83.9,23,66,54,81.8,5,41,39,95.1
NORTH WEST,BOJANALA PLATINUM,600101043,9111104,MALATSE-MOTSEPE HIGH SCHOOL,3,47,130,102,78.5,23,171,152,88.9,24,205,173,84.4
NORTH WEST,BOJANALA PLATINUM,600101048,9132074,MALEFO HIGH SCHOOL,1,1,160,136,85.0,3,169,142,84.0,16,157,120,76.4
NORTH WEST,BOJANALA PLATINUM,600101221,9121107,MAMODIBO HIGH SCHOOL,2,3,98,87,88.8,12,145,132,91.0,2,211,175,82.9
NORTH WEST,BOJANALA PLATINUM,600101066,9132075,MANAMAKGOTHA HIGH SCHOOL,1,39,139,118,84.9,12,157,126,80.3,6,136,86,63.2
NORTH WEST,BOJANALA PLATINUM,600101111,9152080,MARIKANA HIGH SCHOOL,1,8,117,89,76.1,1,157,120,76.4,26,232,160,69.0
NORTH WEST,BOJANALA PLATINUM,600101118,9111114,MARUATONA DIKOBE HIGH SCHOOL,1,13,41,34,82.9,0,56,45,80.4,0,46,37,80.4
NORTH WEST,BOJANALA PLATINUM,600101137,9152082,MATALE SECONDARY SCHOOL,3,0,89,83,93.3,0,105,88,83.8,8,107,74,69.2
NORTH WEST,BOJANALA PLATINUM,600101140,9152083,MATETENENE HIGH SCHOOL,2,4,93,77,82.8,0,129,93,72.1,1,114,76,66.7
NORTH WEST,BOJANALA PLATINUM,600101147,9121115,MATLAISANE SEC SCHOOL,3,0,103,97,94.2,0,115,105,91.3,14,160,137,85.6
NORTH WEST,BOJANALA PLATINUM,600101155,9152087,MATLHARE MOKAUTU HIGH SCHOOL,2,0,96,54,56.3,14,94,62,66.0,10,119,90,75.6
NORTH WEST,BOJANALA PLATINUM,600101167,9152089,MATSUKUBYANE SECONDARY SCHOOL,2,5,123,93,75.6,0,213,149,70.0,21,183,158,86.3
NORTH WEST,BOJANALA PLATINUM,600102384,9111118,MEERHOF SCHOOL,99,1,15,15,100.0,0,10,10,100.0,0,22,22,100.0
NORTH WEST,BOJANALA PLATINUM,600105344,9152092,MERIDIAN RUSTENBURG SECONDARY SCHOOL ,99,1,90,86,95.6,0,73,65,89.0,0,97,93,95.9
NORTH WEST,BOJANALA PLATINUM,600105188,9152235,MERITI SECONDARY SCHOOL,3,0,153,135,88.2,0,167,132,79.0,16,202,143,70.8
NORTH WEST,BOJANALA PLATINUM,600101200,9111120,MICHA KGASI HIGH SCHOOL,2,23,151,118,78.1,0,164,146,89.0,15,272,242,89.0
NORTH WEST,BOJANALA PLATINUM,600104032,9111121,MICHAEL MODISAKENG SECONDARY SCHOOL,1,1,147,134,91.2,0,183,159,86.9,9,225,168,74.7
NORTH WEST,BOJANALA PLATINUM,600105358,9111155,MMADIKETE LION SECONDARY SCHOOL,1,47,113,95,84.1,5,85,67,78.8,20,99,82,82.8
NORTH WEST,BOJANALA PLATINUM,600101212,9121124,MMAKAUNYANA SEC SCHOOL,2,19,62,47,75.8,9,76,51,67.1,10,56,53,94.6
NORTH WEST,BOJANALA PLATINUM,600101222,9111127,MMAMOGWAI SECONDARY SCHOOL,3,1,27,23,85.2,0,15,15,100.0,14,42,40,95.2
NORTH WEST,BOJANALA PLATINUM,600101226,9152095,MMANAPE HIGH SCHOOL,3,0,101,85,84.2,0,110,100,90.9,2,116,105,90.5
NORTH WEST,BOJANALA PLATINUM,600101228,9121128,MMANKALA TECH and COMM HIGH SCHOOL,3,15,118,79,66.9,12,122,96,78.7,6,179,154,86.0
NORTH WEST,BOJANALA PLATINUM,600101229,9111129,MMANOTSHE MODUANE HIGH SCHOOL,3,0,67,55,82.1,3,109,95,87.2,4,92,76,82.6
NORTH WEST,BOJANALA PLATINUM,600101249,9132096,MOCHUDI SECONDARY SCHOOL,2,0,63,41,65.1,1,55,41,74.5,2,53,44,83.0
NORTH WEST,BOJANALA PLATINUM,600101266,9132099,MODISE SECONDARY SCHOOL,2,8,26,21,80.8,0,32,25,78.1,3,27,22,81.5
NORTH WEST,BOJANALA PLATINUM,600102388,9162218,MOEDWIL SECONDARY SCHOOL,1,9,66,50,75.8,0,63,52,82.5,2,84,40,47.6
NORTH WEST,BOJANALA PLATINUM,600101275,9132100,MOEFI HIGH SCHOOL,2,0,77,52,67.5,0,66,49,74.2,14,61,46,75.4
NORTH WEST,BOJANALA PLATINUM,600101284,9111137,MOGALE SEC SCHOOL,2,36,92,51,55.4,1,63,28,44.4,3,137,90,65.7
NORTH WEST,BOJANALA PLATINUM,600103625,9152104,MOJAGEDI SECONDARY SCHOOL,1,3,30,18,60.0,0,30,22,73.3,0,27,23,85.2
NORTH WEST,BOJANALA PLATINUM,600101335,9121143,MOLEBATSI SEC SCHOOL,2,44,134,89,66.4,0,153,109,71.2,0,125,97,77.6
NORTH WEST,BOJANALA PLATINUM,600101350,9152106,MOLOTLEGI SECONDARY SCHOOL,3,8,91,53,58.2,7,57,46,80.7,18,79,58,73.4
NORTH WEST,BOJANALA PLATINUM,600101374,9132108,MORARE SCHOOL,3,3,66,48,72.7,2,79,61,77.2,0,51,42,82.4
NORTH WEST,BOJANALA PLATINUM,600101375,9121144,MORATWE HIGH SCHOOL,1,0,19,14,73.7,0,35,32,91.4,1,19,19,100.0
NORTH WEST,BOJANALA PLATINUM,600101423,9111147,MOTHOTLUNG SCHOOL,3,0,168,104,61.9,0,191,133,69.6,41,188,134,71.3
NORTH WEST,BOJANALA PLATINUM,600101434,9132110,MOTLHAPUTSENG SCHOOL,3,1,101,98,97.0,0,116,103,88.8,16,111,102,91.9
NORTH WEST,BOJANALA PLATINUM,600101445,9121151,MOTSHEGOA HIGH SCHOOL,3,4,33,27,81.8,0,28,26,92.9,10,55,46,83.6
NORTH WEST,BOJANALA PLATINUM,600101457,9121153,MOTSWATEMENG HIGH SCHOOL,1,23,62,37,59.7,0,62,48,77.4,4,83,62,74.7
NORTH WEST,BOJANALA PLATINUM,600101467,9162113,MPHE-BANA SECONDARY SCHOOL,2,0,265,212,80.0,0,262,178,67.9,90,250,182,72.8
NORTH WEST,BOJANALA PLATINUM,600101469,9132114,MPHELA MIDDLE SCHOOL,1,13,21,9,42.9,1,20,18,90.0,1,17,9,52.9
NORTH WEST,BOJANALA PLATINUM,600101482,9152116,NAAUWPOORT HIGH SCHOOL,1,1,33,31,93.9,0,53,53,100.0,1,47,37,78.7
NORTH WEST,BOJANALA PLATINUM,600101489,9121156,NCHAUPE HIGH SCHOOL,3,7,50,47,94.0,2,98,74,75.5,9,113,89,78.8
NORTH WEST,BOJANALA PLATINUM,600105347,9158037,NEW COVENANT ACADEMY,99,0,7,6,85.7,0,17,14,82.4,0,8,8,100.0
NORTH WEST,BOJANALA PLATINUM,600101511,9132117,NKOBONG HIGH SCHOOL,3,8,50,23,46.0,0,80,49,61.3,3,56,34,60.7
NORTH WEST,BOJANALA PLATINUM,600101536,9111160,NTOLO SECONDARY SCHOOL,3,40,106,95,89.6,33,102,90,88.2,13,73,71,97.3
NORTH WEST,BOJANALA PLATINUM,600101544,9152120,NURAL-IMAN-MUSLIM SCHOOL,99,0,20,20,100.0 ,0,21,21,100.0,0,19,19,100.0
NORTH WEST,BOJANALA PLATINUM,600101563,9132122,OLEFILE HIGH SCHOOL,2,0,52,50,96.2,0,50,45,90.0,0,60,57,95.0
NORTH WEST,BOJANALA PLATINUM,600105398,9159013,PLATINUM VILLAGE SECONDARY SCHOOL,4,0,43,43,100.0,0,77,75,97.4,3,143,136,95.1
NORTH WEST,BOJANALA PLATINUM,600101681,9152129,PRES MANGOPE TECH HIGH SCHOOL,4,0,294,257,87.4,0,166,160,96.4,30,282,236,83.7
NORTH WEST,BOJANALA PLATINUM,600101692,9111170,PUO-PHA SECONDARY SCHOOL,2,0,8,6,75.0,0,8,4,50.0,0,5,5,100.0
NORTH WEST,BOJANALA PLATINUM,600104059,9111171,RABBONI CHRISTIAN SCHOOL,99,0,42,40,95.2,0,39,37,94.9,0,40,37,92.5
NORTH WEST,BOJANALA PLATINUM,600101708,9112131,RAKGATLA HIGH SCHOOL,3,25,100,79,79.0,29,142,111,78.2,10,178,115,64.6
NORTH WEST,BOJANALA PLATINUM,600101711,9132132,RAKOKO SEN SEC SCHOOL,3,16,113,97,85.8,0,120,110,91.7,9,128,109,85.2
NORTH WEST,BOJANALA PLATINUM,600101738,9132137,RAMOROKO SECONDARY SCHOOL,2,6,31,15,48.4,10,37,22,59.5,3,25,16,64.0
NORTH WEST,BOJANALA PLATINUM,600101743,9132138,RAMOTSHODI HIGH SCHOOL,3,1,36,29,80.6,0,33,24,72.7,0,35,28,80.0
NORTH WEST,BOJANALA PLATINUM,600101755,9132142,RAPHURELE HIGH SCHOOL,2,11,67,55,82.1,14,132,106,80.3,10,91,79,86.8
NORTH WEST,BOJANALA PLATINUM,600101769,9152143,RAUWANE SEPENG SEN SEC SCHOOL,4,2,141,124,87.9,0,147,129,87.8,5,170,122,71.8
NORTH WEST,BOJANALA PLATINUM,600101789,9162146,REEBONE SEC SCHOOL,2,1,127,83,65.4,0,161,106,65.8,15,181,113,62.4
NORTH WEST,BOJANALA PLATINUM,600101809,9132147,REIPUSENG HIGH SCHOOL,3,9,47,44,93.6,26,87,74,85.1,13,60,52,86.7
NORTH WEST,BOJANALA PLATINUM,600101823,9111186,REKOPANTSWE HIGH SCHOOL,3,0,50,32,64.0,0,71,49,69.0,0,34,30,88.2
NORTH WEST,BOJANALA PLATINUM,600101839,9152148,RETHUSEGILE SEC SCHOOL,3,4,109,98,89.9,0,138,98,71.0,0,116,98,84.5
NORTH WEST,BOJANALA PLATINUM,600100509,9152153,RUSTENBURG HIGH SCHOOL,4,0,279,276,98.9,0,246,240,97.6,2,274,264,96.4
NORTH WEST,BOJANALA PLATINUM,600101866,9152154,RUSTENBURG OPVOEDKUNDIGE KOLLEGE,99,0,27,27,100.0,0,25,25,100.0,0,22,22,100.0
NORTH WEST,BOJANALA PLATINUM,600101900,9132236,SEDIBELO SECONDARY SCHOOL,3,13,96,82,85.4,15,128,120,93.8,20,183,120,65.6
NORTH WEST,BOJANALA PLATINUM,600101915,9132159,SEFUTSWELO HIGH SCHOOL,3,14,31,27,87.1,0,54,44,81.5,12,59,32,54.2
NORTH WEST,BOJANALA PLATINUM,600101933,9152162,SEKETE IV HIGH SCHOOL,4,0,109,93,85.3,0,131,97,74.0,0,161,128,79.5
NORTH WEST,BOJANALA PLATINUM,600101939,9121202,SEKITLA HIGH SCHOOL,3,0,41,30,73.2,10,69,60,87.0,10,79,60,75.9
NORTH WEST,BOJANALA PLATINUM,600101953,9132163,SEMETSA SECONDARY SCHOOL,3,0,57,38,66.7,0,53,45,84.9,0,40,36,90.0
NORTH WEST,BOJANALA PLATINUM,600101954,9121204,SEMPAPA SECONDARY SCHOOL,3,0,92,71,77.2,0,107,79,73.8,24,138,109,79.0
NORTH WEST,BOJANALA PLATINUM,600101987,9132166,SEWAGODIMO TECH AND COMM HIGH,1,47,80,64,80.0,21,115,101,87.8,20,99,82,82.8
NORTH WEST,BOJANALA PLATINUM,600101989,9132167,SHADRACK F ZIBI SEC SCHOOL,3,0,18,13,72.2,0,21,18,85.7,1,27,26,96.3
NORTH WEST,BOJANALA PLATINUM,600102017,9132169,ST ANNE`S HIGH SCHOOL,4,2,55,55,100.0,0,66,66,100.0,0,53,52,98.1
NORTH WEST,BOJANALA PLATINUM,600105386,9129012,ST ATHANASIUS ORTHODOX CHRISTION SCH ,99,0,19,18,94.7,0,19,19,100.0,0,33,30,90.9
NORTH WEST,BOJANALA PLATINUM,600102027,9111211,ST TERESA HIGH SCHOOL,3,7,70,61,87.1,0,115,97,84.3,24,135,123,91.1
NORTH WEST,BOJANALA PLATINUM,600105313,9151007,SUNRISE VIEW SECONDARY SCHOOL,4,0,165,156,94.5,0,160,153,95.6,0,180,180,100.0
NORTH WEST,BOJANALA PLATINUM,600100430,9162172,SWARTRUGGENS COMBINED,4,0,16,15,93.8,0,19,18,94.7,0,11,10,90.9
NORTH WEST,BOJANALA PLATINUM,600102071,9111216,THABA-MORULA HIGH SCHOOL,3,0,114,94,82.5,0,105,84,80.0,0,173,132,76.3
NORTH WEST,BOJANALA PLATINUM,600102090,9132175,THEBE-YA-TLHAJWA SECONDARY SCHOOL,1,16,61,55,90.2,0,89,80,89.9,21,77,67,87.0
NORTH WEST,BOJANALA PLATINUM,600102096,9152177,THETHE HIGH SCHOOL,3,0,133,123,92.5,0,99,85,85.9,4,103,82,79.6
NORTH WEST,BOJANALA PLATINUM,600102109,9121221,THULARE HIGH SCHOOL,3,18,66,50,75.8,0,70,62,88.6,0,70,42,60.0
NORTH WEST,BOJANALA PLATINUM,600105319,9152155,THUTO-KITSO RUSTENBURG CORR SERVICE,3,2,6,4,66.7,0,5,5,100.0,0,14,14,100.0
NORTH WEST,BOJANALA PLATINUM,600103615,9111223,THUTO-PELE HIGH SCHOOL,3,7,227,204,89.9,3,256,220,85.9,1,304,264,86.8
NORTH WEST,BOJANALA PLATINUM,600102134,9132237,TIDIMANE SECONDARY SCHOOL,3,15,123,89,72.4,1,116,89,76.7,42,142,98,69.0
NORTH WEST,BOJANALA PLATINUM,600102142,9152180,TIRELONG SECONDARY SCHOOL,3,0,42,28,66.7,0,49,26,53.1,1,64,47,73.4
NORTH WEST,BOJANALA PLATINUM,600102153,9152182,TLHABANE TECH AND COMM HIGH SCHOOL,4,12,149,133,89.3,0,208,187,89.9,0,190,162,85.3
NORTH WEST,BOJANALA PLATINUM,600102213,9132184,TSHAILE HIGH SCHOOL,3,1,35,28,80.0,0,42,35,83.3,0,53,41,77.4
NORTH WEST,BOJANALA PLATINUM,600102227,9111231,TSHEPAGALANG HIGH SCHOOL,2,0,124,109,87.9,0,143,115,80.4,0,186,131,70.4
NORTH WEST,BOJANALA PLATINUM,600102248,9132043,TSHOMANKANE HIGH SCHOOL,1,21,48,25,52.1,0,41,20,48.8,5,36,22,61.1
NORTH WEST,BOJANALA PLATINUM,600102250,9152187,TSHUKUDU HIGH SCHOOL,3,0,125,95,76.0,0,120,103,85.8,28,203,141,69.5
NORTH WEST,BOJANALA PLATINUM,600102264,9111237,TSOGO SECONDARY SCHOOL,3,7,101,82,81.2,2,164,152,92.7,0,159,143,89.9
NORTH WEST,BOJANALA PLATINUM,600102269,9132189,TSWAIDI HIGH SCHOOL,3,13,69,60,87.0,1,78,66,84.6,8,69,63,91.3
NORTH WEST,BOJANALA PLATINUM,600102293,9121241,UTSANE HIGH SCHOOL,3,17,62,44,71.0,13,77,54,70.1,14,87,66,75.9
NORTH WEST,BOJANALA PLATINUM,600100510,9111242,WAGPOS HIGH SCHOOL,4,0,139,133,95.7,0,157,153,97.5,0,143,140,97.9
NORTH WEST,BOJANALA PLATINUM,600105381,9132238,WHITFIELD ACADEMY,99,,,,,1,35,29,82.9,0,20,16,80.0
NORTH WEST,BOJANALA PLATINUM,600105295,9121244,ZACHARIA MANKGATLENG SECONDARY,2,17,121,86,71.1,4,66,59,89.4,13,158,122,77.2
NORTH WEST,BOJANALA PLATINUM,600102359,9152191,ZINNIAVILLE SECONDARY,4,0,62,56,90.3,0,77,71,92.2,4,93,87,93.5
NORTH WEST,DR. K. KAUNDA,600100020,9215003,ALABAMA SECONDARY,4,18,138,73,52.9,0,94,49,52.1,16,76,46,60.5
NORTH WEST,DR. K. KAUNDA,600104089,9215004,AL-HUDA MUSLIM SCHOOL,99,0,13,13,100.0,0,21,21,100.0,0,20,20,100.0
NORTH WEST,DR. K. KAUNDA,600100026,9215005,ARE-FADIMEHENG,3,7,207,161,77.8,1,193,143,74.1,40,237,191,80.6
NORTH WEST,DR. K. KAUNDA,600105122,9225183,B A SEOBI SECONDARY SCHOOL,3,11,201,195,97.0,0,183,181,98.9,0,208,205,98.6
NORTH WEST,DR. K. KAUNDA,600100160,9225009,BOITSHOKO HIGH SCHOOL,1,0,123,108,87.8,0,228,190,83.3,1,278,202,72.7
NORTH WEST,DR. K. KAUNDA,600100190,9215010,BORAKANELO SECONDARY SCHOOL,3,22,225,190,84.4,0,147,132,89.8,19,175,147,84.0
NORTH WEST,DR. K. KAUNDA,600100202,9205011,BOSKUIL COMBINED SCHOOL,1,0,16,15,93.8,0,17,17,100.0,0,18,17,94.4
NORTH WEST,DR. K. KAUNDA,600100213,9225012,BOTOKA COMPREHENSIVE SCHOOL,3,0,103,95,92.2,0,129,123,95.3,0,147,133,90.5
NORTH WEST,DR. K. KAUNDA,600100238,9215014,CHRIS HANI SECONDARY SCHOOL,3,0,52,46,88.5,0,95,69,72.6,0,83,65,78.3
NORTH WEST,DR. K. KAUNDA,600100241,9215016,COCEKANI HIGH SCHOOL,2,3,32,21,65.6,0,54,35,64.8,8,60,34,56.7
NORTH WEST,DR. K. KAUNDA,600100303,9215019,DIRANG KA NATLA COMPREHENSIVE HIGH,3,0,93,60,64.5,28,92,68,73.9,19,118,80,67.8
NORTH WEST,DR. K. KAUNDA,600100348,9215022,EDUCATORS HIGH SCHOOL,99,0,15,14,93.3,1,23,23,100.0,0,26,22,84.6
NORTH WEST,DR. K. KAUNDA,600100517,9225024,FERDINAND POSTMA,4,0,85,85,100.0,0,86,86,100.0,0,80,80,100.0
NORTH WEST,DR. K. KAUNDA,600100389,9215026,GAENTHONE SECONDARY SCHOOL,3,30,114,69,60.5,74,149,104,69.8,59,149,97,65.1
NORTH WEST,DR. K. KAUNDA,600100428,9205028,GATELAPELE SECONDARY SCHOOL,3,24,146,104,71.2,5,197,137,69.5,40,199,142,71.4
NORTH WEST,DR. K. KAUNDA,600100734,9215031,H T S KLERKSDORP,4,0,187,176,94.1,0,238,229,96.2,1,277,255,92.1
NORTH WEST,DR. K. KAUNDA,600100500,9225032,H T S POTCHEFSTROOM,4,5,158,110,69.6,14,144,118,81.9,23,142,118,83.1
NORTH WEST,DR. K. KAUNDA,600100502,9225034,HOER VOLKSKOOL,4,0,152,149,98.0,0,155,149,96.1,0,137,135,98.5
NORTH WEST,DR. K. KAUNDA,600105440,9229014,KABELO MASHI SECONDARY SCHOOL,1,,,,,,,,,3,13,7,53.8
NORTH WEST,DR. K. KAUNDA,600100626,9215042,KANANA SEC SCHOOL,2,25,108,87,80.6,23,145,110,75.9,31,134,104,77.6
NORTH WEST,DR. K. KAUNDA,600100733,9215051,KLERKSDORP HIGH SCHOOL,5,0,121,119,98.3,0,128,127,99.2,0,125,124,99.2
NORTH WEST,DR. K. KAUNDA,600100731,9215053,KLERKSDORP SECONDARY,4,0,65,59,90.8,0,103,100,97.1,0,153,139,90.8
NORTH WEST,DR. K. KAUNDA,600100871,9205060,LERUNTSE-LESEDI SEC SCHOOL,3,39,81,53,65.4,30,141,98,69.5,12,115,108,93.9
NORTH WEST,DR. K. KAUNDA,600100892,9215062,LETLHASEDI COMBINED SCHOOL,1,0,49,42,85.7,0,50,44,88.0,0,50,41,82.0
NORTH WEST,DR. K. KAUNDA,600105124,9205182,MAITEMOGELO SEC SCHOOL,3,25,131,94,71.8,0,117,90,76.9,17,113,97,85.8
NORTH WEST,DR. K. KAUNDA,600101154,9215068,MATLHALENG HIGH SCHOOL,2,40,126,78,61.9,12,58,47,81.0,0,102,80,78.4
NORTH WEST,DR. K. KAUNDA,600101159,9215069,MATLOSANE SEN SEC SCHOOL,3,7,168,139,82.7,1,197,160,81.2,4,228,186,81.6
NORTH WEST,DR. K. KAUNDA,600101203,9215071,MILNER HIGH SCHOOL,4,0,182,160,87.9,0,170,145,85.3,2,172,145,84.3
NORTH WEST,DR. K. KAUNDA,600101241,9215072,MMOKENG SECONDARY SCHOOL,3,0,126,104,82.5,0,200,110,55.0,35,132,91,68.9
NORTH WEST,DR. K. KAUNDA,600101280,9215073,MOFATLHOSI SECONDARY SCHOOL,3,46,142,90,63.4,0,102,69,67.6,0,122,72,59.0
NORTH WEST,DR. K. KAUNDA,600104291,9215169,NEW VISION SECONDARY SCHOOL,4,0,136,120,88.2,0,143,125,87.4,5,151,136,90.1
NORTH WEST,DR. K. KAUNDA,600101508,9215079,NKANG-MAHLALE SECONDARY SCHOOL,2,40,166,121,72.9,5,229,164,71.6,50,226,149,65.9
NORTH WEST,DR. K. KAUNDA,600101534,9205081,NTLATSENG PUBLIC COMBINED SCHOOL,1,0,15,12,80.0,0,21,15,71.4,0,34,21,61.8
NORTH WEST,DR. K. KAUNDA,600102380,9205083,NW SEC SCHOOL FOR THE DEAF,3,,,,,1,6,1,16.7,6,28,0,0.0
NORTH WEST,DR. K. KAUNDA,600101582,9215086,ORKNEY HIGH SCHOOL,4,9,52,47,90.4,3,83,79,95.2,2,103,72,69.9
NORTH WEST,DR. K. KAUNDA,600104247,9215156,OVERVAAL PRIVAAT SKOOL,99,0,7,7,100.0,0,12,10,83.3,0,13,12,92.3
NORTH WEST,DR. K. KAUNDA,600101620,9215090,PHAKELA COMBINED SCHOOL,1,0,9,9,100.0,7,23,16,69.6,4,25,24,96.0
NORTH WEST,DR. K. KAUNDA,600101639,9225092,PHIRI HIGH SCHOOL,3,4,98,73,74.5,0,110,87,79.1,0,144,121,84.0
NORTH WEST,DR. K. KAUNDA,600104104,9215093,PINNACLE PRIM and SEC BOARDING SCHOOL,99,0,27,27,100.0,0,21,20,95.2,0,8,8,100.0
NORTH WEST,DR. K. KAUNDA,600101661,9225094,POELANO HIGH SCHOOL,3,17,79,37,46.8,6,88,63,71.6,12,113,70,61.9
NORTH WEST,DR. K. KAUNDA,600101672,9225095,POTCHEFSTROOM BOYS HIGH,4,0,42,30,71.4,0,70,63,90.0,1,90,71,78.9
NORTH WEST,DR. K. KAUNDA,600101674,9225098,POTCHEFSTROOM GIMNASIUM,4,0,140,140,100.0,0,138,137,99.3,0,141,137,97.2
NORTH WEST,DR. K. KAUNDA,600101675,9225099,POTCHEFSTROOM GIRLS HIGH,4,0,102,102,100.0,0,101,101,100.0,0,91,91,100.0
NORTH WEST,DR. K. KAUNDA,600101676,9225100,POTCHEFSTROOM SECONDARY,3,1,66,56,84.8,0,87,65,74.7,7,68,49,72.1
NORTH WEST,DR. K. KAUNDA,600105375,9215184,PRESTIGE SECONDARY SCHOOL,2,1,116,75,64.7,0,134,96,71.6,26,102,85,83.3
NORTH WEST,DR. K. KAUNDA,600101683,9225104,PROMOSA SECONDARY SCHOOL,3,50,117,56,47.9,0,142,64,45.1,81,155,62,40.0
NORTH WEST,DR. K. KAUNDA,600101771,9205106,REABONA SECONDARY SCHOOL,3,24,97,87,89.7,0,110,70,63.6,17,74,69,93.2
NORTH WEST,DR. K. KAUNDA,600101804,9225107,REGOROGILE COMBINED SCHOOL,3,0,12,12,100.0,0,4,4,100.0,1,18,16,88.9
NORTH WEST,DR. K. KAUNDA,600101835,9225108,RESOLOFETSE SECONDARY SCHOOL,4,0,96,70,72.9,0,91,64,70.3,17,99,72,72.7
NORTH WEST,DR. K. KAUNDA,600101887,9215110,SCHOONSPRUIT HIGH SCHOOL,4,0,128,118,92.2,1,131,126,96.2,0,143,132,92.3
NORTH WEST,DR. K. KAUNDA,600101928,9225116,SEIPHEMELO SECONDARY SCHOOL,3,51,152,116,76.3,21,141,108,76.6,40,141,117,83.0
NORTH WEST,DR. K. KAUNDA,600102035,9215118,STILFONTEIN HIGH SCHOOL,4,0,61,46,75.4,0,92,72,78.3,0,99,67,67.7
NORTH WEST,DR. K. KAUNDA,600102126,9215125,THUTO THEBE SECONDARY SCHOOL,3,11,61,43,70.5,1,88,52,59.1,4,111,77,69.4
NORTH WEST,DR. K. KAUNDA,600102122,9225126,THUTO-BOSWA SECONDARY SCHOOL,3,0,179,130,72.6,0,233,167,71.7,0,193,146,75.6
NORTH WEST,DR. K. KAUNDA,600102127,9215129,THUTO-TSEBO SECONDARY SCHOOL,2,18,96,86,89.6,8,105,89,84.8,56,102,94,92.2
NORTH WEST,DR. K. KAUNDA,600102140,9205131,TIRAGALO SECONDARY SCHOOL,3,31,100,66,66.0,23,78,52,66.7,8,124,104,83.9
NORTH WEST,DR. K. KAUNDA,600102181,9225133,TLOKWE SECONDARY SCHOOL,3,0,148,121,81.8,0,171,117,68.4,13,120,102,85.0
NORTH WEST,DR. K. KAUNDA,600102202,9215134,TSAMMA SECONDARY SCHOOL,3,17,92,81,88.0,19,137,111,81.0,25,115,100,87.0
NORTH WEST,DR. K. KAUNDA,600102216,9215135,TSHEBEDISANO SECONDARY SCHOOL,3,20,138,123,89.1,0,181,157,86.7,12,196,178,90.8
NORTH WEST,DR. K. KAUNDA,600102217,9215136,TSHEDIMOSETSO SECONDARY SCHOOL,3,0,106,70,66.0,0,127,90,70.9,13,110,95,86.4
NORTH WEST,DR. K. KAUNDA,600102295,9215142,VAAL REEFS TECHNICAL HIGH SCHOOL,3,45,147,74,50.3,2,176,107,60.8,14,149,100,67.1
NORTH WEST,DR. K. KAUNDA,600105308,9225144,VENTERSDORP HIGH SCHOOL,5,0,9,9,100.0,0,12,12,100.0,0,12,11,91.7
NORTH WEST,DR. K. KAUNDA,600102324,9215146,VUYANIMAWETHU SECONDARY SCHOOL,3,0,142,96,67.6,0,137,91,66.4,10,115,88,76.5
NORTH WEST,DR. K. KAUNDA,600102335,9215149,WESVALIA HIGH SCHOOL,5,0,142,142,100.0,0,136,136,100.0,0,143,143,100.0
NORTH WEST,DR. K. KAUNDA,600105342,9215188,WHITESTONE COLLEGE KLERKSDORP,99,0,0,0,,0,3,3,100.0,0,7,5,71.4
NORTH WEST,DR. K. KAUNDA,600102344,9205150,WOLMARANSSTAD HIGH SCHOOL,4,0,67,67,100.0,0,94,92,97.9,4,75,73,97.3
NORTH WEST,DR. R.S. MOMPATI,600100094,9313007,BATLHAPING HIGH SCHOOL,1,0,134,100,74.6,0,147,103,70.1,0,168,111,66.1
NORTH WEST,DR. R.S. MOMPATI,600100431,9355008,BLOEMHOF COMBINED,4,0,36,34,94.4,3,32,27,84.4,0,43,34,79.1
NORTH WEST,DR. R.S. MOMPATI,600100135,9313011,BOGOSING HIGH SCHOOL,1,0,69,33,47.8,0,125,58,46.4,0,97,59,60.8
NORTH WEST,DR. R.S. MOMPATI,600100185,9333017,BOPAGANANG PUBLIC SCHOOL,3,31,112,76,67.9,14,112,93,83.0,3,95,87,91.6
NORTH WEST,DR. R.S. MOMPATI,600100191,9323018,BORE SECONDARY SCHOOL,2,19,64,49,76.6,11,71,57,80.3,0,96,87,90.6
NORTH WEST,DR. R.S. MOMPATI,600100219,9323022,BRAY INTERMEDIATE SCHOOL,1,5,31,10,32.3,0,33,29,87.9,0,49,28,57.1
NORTH WEST,DR. R.S. MOMPATI,600100237,9313023,CHOSENG SECONDARY SCHOOL,1,14,94,73,77.7,0,79,63,79.7,0,107,77,72.0
NORTH WEST,DR. R.S. MOMPATI,600100239,9355015,CHRISTIANA COMBINED,4,0,32,32,100.0,2,41,32,78.0,4,62,56,90.3
NORTH WEST,DR. R.S. MOMPATI,600105106,9353234,CHRISTIANA SCHOOL FOR THE BLIND,99,4,13,12,92.3,0,8,7,87.5,4,12,10,83.3
NORTH WEST,DR. R.S. MOMPATI,600100245,9333025,COLINDA SECONDARY,3,28,65,38,58.5,50,110,41,37.3,41,108,66,61.1
NORTH WEST,DR. R.S. MOMPATI,600100311,9323032,DITEHO SECONDARY SCHOOL,1,7,48,42,87.5,0,50,49,98.0,0,70,65,92.9
NORTH WEST,DR. R.S. MOMPATI,600100384,9313034,GABOBIDIWE HIGH SCHOOL,2,38,127,85,66.9,0,99,77,77.8,5,97,82,84.5
NORTH WEST,DR. R.S. MOMPATI,600100413,9355027,GAOPALELWE SECONDARY SCHOOL,2,0,166,112,67.5,10,240,180,75.0,0,294,189,64.3
NORTH WEST,DR. R.S. MOMPATI,600100518,9323045,HUHUDI HIGH SCHOOL,2,8,99,99,100.0,0,139,135,97.1,0,163,160,98.2
NORTH WEST,DR. R.S. MOMPATI,600100549,9345038,IPELEGENG HIGH SCHOOL,3,0,106,69,65.1,0,143,97,67.8,80,222,145,65.3
NORTH WEST,DR. R.S. MOMPATI,600100576,9323053,ITSHOLETSENG SECONDARY SCHOOL,1,2,7,6,85.7,2,15,12,80.0,1,27,22,81.5
NORTH WEST,DR. R.S. MOMPATI,600100578,9345039,ITSHUPENG SECONDARY SCHOOL,3,0,187,123,65.8,3,241,131,54.4,50,228,133,58.3
NORTH WEST,DR. R.S. MOMPATI,600100596,9313054,JERRY MAHURA SECONDARY SCHOOL,2,19,87,63,72.4,19,116,94,81.0,14,138,112,81.2
NORTH WEST,DR. R.S. MOMPATI,600100601,9333233,JOHN FRYLINCK SECONDARY SCHOOL,1,0,131,72,55.0,45,130,73,56.2,14,111,67,60.4
NORTH WEST,DR. R.S. MOMPATI,600100604,9313055,JOSEPH SAKU MIDDLE SCHOOL,1,0,68,64,94.1,14,97,81,83.5,5,90,84,93.3
NORTH WEST,DR. R.S. MOMPATI,600100637,9313059,KEBINELANG SECONDARY SCHOOL,3,0,83,45,54.2,0,60,47,78.3,6,70,57,81.4
NORTH WEST,DR. R.S. MOMPATI,600100692,9323068,KGONONYANE HIGH SCHOOL,1,19,125,72,57.6,12,118,88,74.6,24,182,118,64.8
NORTH WEST,DR. R.S. MOMPATI,600100697,9313070,KGOSIETSILE-LETHOLA MIDDLE SCHOOL,3,20,49,26,53.1,2,35,27,77.1,10,43,35,81.4
NORTH WEST,DR. R.S. MOMPATI,600100699,9323072,KGOSITHEBE COMBINED SCHOOL,1,17,24,7,29.2,0,22,6,27.3,0,29,24,82.8
NORTH WEST,DR. R.S. MOMPATI,600100725,9333075,KISMET SECONDARY,4,0,35,34,97.1,0,34,34,100.0,0,34,33,97.1
NORTH WEST,DR. R.S. MOMPATI,600100726,9323076,KITLANANG SECONDARY SCHOOL,1,0,18,12,66.7,0,19,14,73.7,2,23,21,91.3
NORTH WEST,DR. R.S. MOMPATI,600100770,9355056,KROMELLENBOOG COMBINED SCHOOL,1,4,36,26,72.2,2,47,29,61.7,0,39,17,43.6
NORTH WEST,DR. R.S. MOMPATI,600100819,9355059,LE-RONA SCHOOL,3,11,90,71,78.9,14,99,69,69.7,6,193,126,65.3
NORTH WEST,DR. R.S. MOMPATI,600100879,9313087,LESHOBO SECONDARY SCHOOL,1,31,77,47,61.0,0,63,39,61.9,7,47,36,76.6
NORTH WEST,DR. R.S. MOMPATI,600105408,9313085,LETLHOGILE SECONDARY SCHOOL,1,1,59,37,62.7,0,75,55,73.3,0,62,54,87.1
NORTH WEST,DR. R.S. MOMPATI,600100955,9313091,MAATLA HIGH SCHOOL,1,32,124,71,57.3,0,109,68,62.4,3,123,101,82.1
NORTH WEST,DR. R.S. MOMPATI,600101016,9313094,MAJENG SEC SCHOOL,2,34,55,23,41.8,5,55,28,50.9,19,54,40,74.1
NORTH WEST,DR. R.S. MOMPATI,600105077,9313231,MAMMUTLA SECONDARY SCHOOL,3,14,41,25,61.0,16,61,44,72.1,8,71,53,74.6
NORTH WEST,DR. R.S. MOMPATI,600104004,9345155,MAMPHO SECONDARY SCHOOL,1,1,109,70,64.2,0,74,56,75.7,12,106,87,82.1
NORTH WEST,DR. R.S. MOMPATI,600101071,9313099,MANKUROANE TECH AND COMM H/S,1,21,74,56,75.7,3,64,56,87.5,0,98,93,94.9
NORTH WEST,DR. R.S. MOMPATI,600101119,9313102,MARUBISING SECONDARY SCHOOL,2,17,45,25,55.6,0,53,26,49.1,0,40,26,65.0
NORTH WEST,DR. R.S. MOMPATI,600101267,9323111,MODISE KANONO SECONDARY SCHOOL,2,3,16,10,62.5,5,20,15,75.0,2,17,16,94.1
NORTH WEST,DR. R.S. MOMPATI,600101319,9313115,MOKGARENG HIGH SCHOOL,2,0,45,23,51.1,0,75,55,73.3,0,96,69,71.9
NORTH WEST,DR. R.S. MOMPATI,600101357,9323117,MONCHUSI SECONDARY SCHOOL,2,21,76,47,61.8,9,70,61,87.1,0,77,64,83.1
NORTH WEST,DR. R.S. MOMPATI,600101380,9323120,MORERI SECONDARY SCHOOL,1,6,59,57,96.6,6,81,67,82.7,5,81,77,95.1
NORTH WEST,DR. R.S. MOMPATI,600101419,9313125,MOTHELESI SECONDARY SCHOOL,2,6,36,33,91.7,0,38,38,100.0,0,48,43,89.6
NORTH WEST,DR. R.S. MOMPATI,600101442,9313126,MOTSEMME SECONDARY SCHOOL,2,5,43,31,72.1,0,56,39,69.6,0,42,33,78.6
NORTH WEST,DR. R.S. MOMPATI,600105422,9333236,NQUNDE SECONDARY SCHOOL,3,,,,,0,43,28,65.1,2,38,28,73.7
NORTH WEST,DR. R.S. MOMPATI,600101552,9345084,OBANG SECONDARY SCHOOL,3,0,90,56,62.2,0,68,45,66.2,35,100,67,67.0
NORTH WEST,DR. R.S. MOMPATI,600101558,9323131,OGODISENG SECONDARY SCHOOL,2,12,58,42,72.4,0,98,49,50.0,1,80,52,65.0
NORTH WEST,DR. R.S. MOMPATI,600101590,9313134,P H MOEKETSI AGRIC HIGH SCHOOL,3,0,53,43,81.1,0,65,61,93.8,0,83,82,98.8
NORTH WEST,DR. R.S. MOMPATI,600101650,9323143,PICA PAU HIGH SCHOOL,1,6,23,7,30.4,0,13,4,30.8,0,20,6,30.0
NORTH WEST,DR. R.S. MOMPATI,600101653,9313145,PINAGARE HIGH SCHOOL,3,14,122,99,81.1,4,103,96,93.2,9,121,112,92.6
NORTH WEST,DR. R.S. MOMPATI,600101656,9323146,PITSO LETLHOGILE MIDDLE SCHOOL,1,14,43,38,88.4,0,68,57,83.8,0,59,40,67.8
NORTH WEST,DR. R.S. MOMPATI,600101687,9313148,PUDUMONG SEC SCHOOL,3,0,50,35,70.0,0,62,34,54.8,3,62,49,79.0
NORTH WEST,DR. R.S. MOMPATI,600101690,9333149,COMPREHENSIVE SEC PULE LEEUW SCHOOL,3,36,95,55,57.9,0,132,84,63.6,15,179,130,72.6
NORTH WEST,DR. R.S. MOMPATI,600103605,9323150,RADITSHANE SECONDARY SCHOOL,2,0,34,21,61.8,0,27,13,48.1,0,38,23,60.5
NORTH WEST,DR. R.S. MOMPATI,600104268,9345162,REABETSWE SECONDARY SCHOOL,3,0,174,132,75.9,1,216,176,81.5,14,185,139,75.1
NORTH WEST,DR. R.S. MOMPATI,600101792,9313157,REEMEKATHATA SECONDARY SCHOOL,3,0,29,25,86.2,0,43,26,60.5,0,36,30,83.3
NORTH WEST,DR. R.S. MOMPATI,600101814,9323161,REITSHOKILE INTERMEDIATE SCHOOL,1,1,25,23,92.0,0,34,33,97.1,1,46,44,95.7
NORTH WEST,DR. R.S. MOMPATI,600101818,9313162,REIVILO COMBINED PUBLIC SCHOOL,3,0,36,21,58.3,0,47,29,61.7,0,38,25,65.8
NORTH WEST,DR. R.S. MOMPATI,600101819,9313163,REIVILO HIGH SCHOOL,3,2,41,28,68.3,0,32,30,93.8,0,37,37,100.0
NORTH WEST,DR. R.S. MOMPATI,600105310,9333235,REKGARATLHILE SECONDARY SCHOOL,3,0,31,25,80.6,4,48,40,83.3,7,61,54,88.5
NORTH WEST,DR. R.S. MOMPATI,600100503,9345111,SCHWEIZER RENEKE HIGH SCHOOL,4,2,40,35,87.5,5,84,71,84.5,3,62,57,91.9
NORTH WEST,DR. R.S. MOMPATI,600105132,9313064,SEABO HIGH SCHOOL,3,0,72,57,79.2,0,75,55,73.3,12,116,61,52.6
NORTH WEST,DR. R.S. MOMPATI,600101896,9323171,SEBETWANE SECONDARY SCHOOL,1,16,86,64,74.4,11,116,83,71.6,20,117,94,80.3
NORTH WEST,DR. R.S. MOMPATI,600105390,9313012,SEKATE BOIJANE MAHURA SEC SCHOOL,1,22,68,44,64.7,8,89,61,68.5,5,103,77,74.8
NORTH WEST,DR. R.S. MOMPATI,600101963,9313175,SEOLESENG SECONDARY SCHOOL,1,7,27,24,88.9,1,34,30,88.2,9,40,22,55.0
NORTH WEST,DR. R.S. MOMPATI,600101980,9323176,SETSWAKGOSING HIGH SCHOOL,2,5,135,126,93.3,0,194,165,85.1,27,202,186,92.1
NORTH WEST,DR. R.S. MOMPATI,600102025,9313178,ST PAUL`S HIGH SCHOOL,3,28,83,56,67.5,13,92,61,66.3,19,75,41,54.7
NORTH WEST,DR. R.S. MOMPATI,600102031,9333180,STELLA HIGH SCHOOL,4,0,16,16,100.0,0,10,10,100.0,0,21,21,100.0
NORTH WEST,DR. R.S. MOMPATI,600102057,9323181,TASMAN SECONDARY SCHOOL,2,12,34,22,64.7,11,41,18,43.9,4,27,22,81.5
NORTH WEST,DR. R.S. MOMPATI,600102073,9313183,THABASIKWA SECONDARY SCHOOL,3,0,17,13,76.5,0,20,17,85.0,0,32,19,59.4
NORTH WEST,DR. R.S. MOMPATI,600102084,9313184,THAKUNG SECONDARY SCHOOL,3,22,55,37,67.3,14,41,25,61.0,0,52,36,69.2
NORTH WEST,DR. R.S. MOMPATI,600102086,9313185,THAPAMA HIGH SCHOOL,1,10,38,29,76.3,15,75,59,78.7,16,90,67,74.4
NORTH WEST,DR. R.S. MOMPATI,600102088,9313187,THATE MOLATLHWA SEC SCHOOL,3,9,46,34,73.9,0,47,34,72.3,1,55,50,90.9
NORTH WEST,DR. R.S. MOMPATI,600102119,9323190,THUSO THEBE HIGH SCHOOL,1,39,123,77,62.6,0,85,66,77.6,0,132,102,77.3
NORTH WEST,DR. R.S. MOMPATI,600102120,9313191,THUSOETSILE MIDDLE SCHOOL,1,25,58,49,84.5,0,81,42,51.9,5,104,84,80.8
NORTH WEST,DR. R.S. MOMPATI,600103604,9355128,THUTO-LORE PUBLIC SEC SCHOOL,3,29,135,85,63.0,26,104,61,58.7,24,149,115,77.2
NORTH WEST,DR. R.S. MOMPATI,600102137,9333195,TIGER KLOOF COMBINED SCHOOL,4,0,75,72,96.0,1,72,70,97.2,4,70,64,91.4
NORTH WEST,DR. R.S. MOMPATI,600102183,9323198,TLOTLANG-THUTO MIDDLE SCHOOL,1,6,31,22,71.0,0,34,27,79.4,3,15,13,86.7
NORTH WEST,DR. R.S. MOMPATI,600102192,9323199,TONG COMPREHENSIVE SECONDARY SCHOOL,2,7,88,73,83.0,21,78,67,85.9,22,116,112,96.6
NORTH WEST,DR. R.S. MOMPATI,600102198,9313201,TOTONYANE SECONDARY SCHOOL,1,1,23,22,95.7,21,50,38,76.0,5,36,31,86.1
NORTH WEST,DR. R.S. MOMPATI,600102207,9313203,TSELAATHUTO SECONDARY SCHOOL,2,0,38,27,71.1,0,43,33,76.7,0,72,48,66.7
NORTH WEST,DR. R.S. MOMPATI,600103611,9323232,TSHIPIETSILE SECONDARY SCHOOL,2,11,31,26,83.9,8,30,28,93.3,11,58,49,84.5
NORTH WEST,DR. R.S. MOMPATI,600102298,9355143,VAALOEWER SECONDARY SCHOOL,3,7,31,16,51.6,10,22,12,54.5,1,24,16,66.7
NORTH WEST,DR. R.S. MOMPATI,600102321,9333217,VRYBURG HIGH SCHOOL,4,1,132,121,91.7,7,139,128,92.1,3,135,126,93.3
NORTH WEST,DR. R.S. MOMPATI,600102328,9313219,WALTER LETSIE SECONDARY SCHOOL,2,4,34,19,55.9,19,57,30,52.6,3,54,41,75.9
NORTH WEST,NGAKA M. MOLEMA,600100003,9414001,AG MALEBE SEC SCHOOL,2,4,31,18,58.1,6,32,19,59.4,1,38,20,52.6
NORTH WEST,NGAKA M. MOLEMA,600100041,9454004,BADIBANA HIGH SCHOOL,2,35,71,32,45.1,25,70,39,55.7,12,90,62,68.9
NORTH WEST,NGAKA M. MOLEMA,600100056,9414005,BAITSHOKI SENIOR SECONDARY SCHOOL,1,0,130,66,50.8,0,148,88,59.5,0,90,71,78.9
NORTH WEST,NGAKA M. MOLEMA,600100062,9454006,BAKOLOBENG JUNIOR SECONDARY SCHOOL,2,20,65,42,64.6,0,75,47,62.7,16,61,35,57.4
NORTH WEST,NGAKA M. MOLEMA,600100097,9424013,BATLOUNG JUNIOR SECONDARY SCHOOL,1,0,114,78,68.4,1,152,105,69.1,0,109,87,79.8
NORTH WEST,NGAKA M. MOLEMA,600100101,9424015,BATSWANA HIGH COMMERCIAL SCHOOL,4,4,191,141,73.8,1,223,198,88.8,19,240,206,85.8
NORTH WEST,NGAKA M. MOLEMA,600100109,9414016,BETHEL HIGH SCHOOL,4,0,97,81,83.5,0,80,62,77.5,2,100,72,72.0
NORTH WEST,NGAKA M. MOLEMA,600100124,9414018,BODIBE SECONDARY SCHOOL,1,0,107,61,57.0,15,92,72,78.3,14,102,77,75.5
NORTH WEST,NGAKA M. MOLEMA,600100152,9434021,BOITHAOPO HIGH SCHOOL,3,16,101,74,73.3,3,169,114,67.5,7,114,91,79.8
NORTH WEST,NGAKA M. MOLEMA,600100155,9424022,BOITSEANAPE TECH and COMM SCHOOL,4,17,101,86,85.1,36,193,159,82.4,27,140,121,86.4
NORTH WEST,NGAKA M. MOLEMA,600100161,9424023,BOITSHOKO SECONDARY SCHOOL,1,1,116,70,60.3,18,86,56,65.1,0,92,63,68.5
NORTH WEST,NGAKA M. MOLEMA,600100188,9414026,BOPHIRIMA SECONDARY SCHOOL,1,42,97,54,55.7,18,123,95,77.2,1,86,61,70.9
NORTH WEST,NGAKA M. MOLEMA,600100199,9454030,BOSCHPOORT COMBINED SCHOOL,1,0,22,16,72.7,6,26,23,88.5,14,47,35,74.5
NORTH WEST,NGAKA M. MOLEMA,600100243,9414033,COLIGNY HIGH SCHOOL,4,9,51,45,88.2,4,62,54,87.1,6,61,49,80.3
NORTH WEST,NGAKA M. MOLEMA,600105355,9424280,CURRO ACADEMY MAHIKENG,99,0,64,63,98.4,0,80,79,98.8,0,74,73,98.6
NORTH WEST,NGAKA M. MOLEMA,600100255,9424034,DANVILLE SECONDARY,4,16,88,63,71.6,7,70,59,84.3,11,69,55,79.7
NORTH WEST,NGAKA M. MOLEMA,600100374,9414039,F M RAMABOEA TECHN AND COMM HIGH SCHO,1,0,57,37,64.9,0,102,80,78.4,0,56,45,80.4
NORTH WEST,NGAKA M. MOLEMA,600100381,9434043,G S PHOI HIGH SCHOOL,1,21,60,10,16.7,0,74,41,55.4,0,53,29,54.7
NORTH WEST,NGAKA M. MOLEMA,600100386,9414044,GABORONE SECONDARY SCHOOL,1,0,16,16,100.0,9,25,18,72.0,6,25,21,84.0
NORTH WEST,NGAKA M. MOLEMA,600100393,9414047,GAETSHO HIGH SCHOOL,1,12,268,186,69.4,8,234,189,80.8,29,281,208,74.0
NORTH WEST,NGAKA M. MOLEMA,600104075,9454048,GA-KHUNWANA HIGH SCHOOL,3,0,112,70,62.5,0,139,89,64.0,40,144,104,72.2
NORTH WEST,NGAKA M. MOLEMA,600100436,9454051,GEYSDORP SECONDARY SCHOOL,1,14,60,58,96.7,10,121,104,86.0,17,94,81,86.2
NORTH WEST,NGAKA M. MOLEMA,600105067,9424277,GOLF VIEW PARK HIGH SCHOOL,4,0,156,128,82.1,0,183,142,77.6,0,151,119,78.8
NORTH WEST,NGAKA M. MOLEMA,600100463,9454053,GOTHATA SECONDARY SCHOOL,1,21,52,25,48.1,0,35,15,42.9,1,39,26,66.7
NORTH WEST,NGAKA M. MOLEMA,600100522,9444054,IKAGELENG HIGH SCHOOL,1,0,91,56,61.5,1,67,49,73.1,0,107,64,59.8
NORTH WEST,NGAKA M. MOLEMA,600100541,9434057,IKOPANYENG SECONDARY SCHOOL,1,69,196,106,54.1,0,129,92,71.3,9,154,130,84.4
NORTH WEST,NGAKA M. MOLEMA,600101286,9454131,ITLOTLENG MOGAWANE SECONDARY SCHOOL,2,11,34,15,44.1,0,16,9,56.3,3,27,10,37.0
NORTH WEST,NGAKA M. MOLEMA,600100586,9414063,J M LEKGETHA COMMERCIAL HIGH,1,68,176,113,64.2,37,153,109,71.2,17,107,94,87.9
NORTH WEST,NGAKA M. MOLEMA,600105383,9434064,JAN MASIBI SECONDARY SCHOOL,1,27,79,63,79.7,28,65,46,70.8,15,59,49,83.1
NORTH WEST,NGAKA M. MOLEMA,600100593,9444065,JANGJO SECONDARY SCHOOL,2,7,51,46,90.2,0,99,82,82.8,7,93,81,87.1
NORTH WEST,NGAKA M. MOLEMA,600100612,9434066,KAGISO BAROLONG HIGH SCHOOL,2,19,57,33,57.9,9,50,39,78.0,17,61,45,73.8
NORTH WEST,NGAKA M. MOLEMA,600103608,9424069,KEBONANG SECONDARY SCHOOL,4,0,108,85,78.7,0,119,94,79.0,0,149,104,69.8
NORTH WEST,NGAKA M. MOLEMA,600100651,9454070,KEJAKILE SECONDARY SCHOOL,1,0,6,6,100.0,0,16,16,100.0,0,23,21,91.3
NORTH WEST,NGAKA M. MOLEMA,600103624,9414071,KGOKE LESABE PUBLIC SCHOOL,1,0,87,33,37.9,0,73,43,58.9,0,94,54,57.4
NORTH WEST,NGAKA M. MOLEMA,600105418,9424068,KGOSI KEBALEPILE SEC SCHOOL,4,36,128,103,80.5,7,187,117,62.6,15,127,105,82.7
NORTH WEST,NGAKA M. MOLEMA,600100694,9434073,KGOSI SHOPE SECONDARY SCHOOL,1,27,68,43,63.2,1,45,36,80.0,0,54,42,77.8
NORTH WEST,NGAKA M. MOLEMA,600100719,9434074,KHUMOSEJO SECONDARY SCHOOL,2,35,73,24,32.9,0,75,57,76.0,0,87,74,85.1
NORTH WEST,NGAKA M. MOLEMA,600100759,9414077,KOPANELO COMBINED SCHOOL,1,2,22,18,81.8,1,35,27,77.1,5,35,30,85.7
NORTH WEST,NGAKA M. MOLEMA,600105066,9454279,KOPANELO SECONDARY SCHOOL,3,16,51,27,52.9,0,47,31,66.0,19,75,56,74.7
NORTH WEST,NGAKA M. MOLEMA,600100783,9444079,KUTLWANO COMBINED SCHOOL,1,0,13,12,92.3,0,16,9,56.3,1,12,12,100.0
NORTH WEST,NGAKA M. MOLEMA,600100816,9424080,LAPOLOGANG SEN SEC SCHOOL,3,0,96,57,59.4,0,103,72,69.9,13,104,69,66.3
NORTH WEST,NGAKA M. MOLEMA,600100866,9454086,LERETLETSE-LESEDI SEC SCHOOL,1,1,31,23,74.2,1,50,33,66.0,2,82,63,76.8
NORTH WEST,NGAKA M. MOLEMA,600100872,9454088,LERUNTSE-LESEDI HIGH SCHOOL,1,58,114,51,44.7,49,96,66,68.8,37,108,84,77.8
NORTH WEST,NGAKA M. MOLEMA,600100882,9424089,LETEANE HIGH SCHOOL,3,0,70,51,72.9,0,109,86,78.9,36,134,97,72.4
NORTH WEST,NGAKA M. MOLEMA,600100898,9424090,LETSATSING HIGH SCHOOL,4,6,75,51,68.0,15,94,63,67.0,13,106,69,65.1
NORTH WEST,NGAKA M. MOLEMA,600105351,9419011,LICHTENBURG ENGLISH SEC SCHOOL,5,1,37,29,78.4,0,74,62,83.8,0,98,79,80.6
NORTH WEST,NGAKA M. MOLEMA,600100904,9414095,LICHTENBURG HIGH SCHOOL,5,2,164,156,95.1,0,186,179,96.2,1,148,142,95.9
NORTH WEST,NGAKA M. MOLEMA,600104098,9424261,LIVING FAITH COMBINED SCHOOL,99,0,22,22,100.0,8,28,25,89.3,0,23,23,100.0
NORTH WEST,NGAKA M. MOLEMA,600101594,9454164,LODIRILE-TSWAING HIGH SCHOOL,1,42,111,69,62.2,26,129,91,70.5,17,119,98,82.4
NORTH WEST,NGAKA M. MOLEMA,600104001,9424099,MAANO SECONDARY SCHOOL,2,0,47,34,72.3,0,54,33,61.1,0,45,26,57.8
NORTH WEST,NGAKA M. MOLEMA,600100967,9424100,MADIBA HIGH SCHOOL,1,0,15,14,93.3,1,21,19,90.5,8,43,30,69.8
NORTH WEST,NGAKA M. MOLEMA,600104057,9434101,MADIBOGO HIGH SCHOOL,2,25,53,48,90.6,30,89,62,69.7,11,94,86,91.5
NORTH WEST,NGAKA M. MOLEMA,600100984,9424102,MAFIKENG HIGH SCHOOL,4,3,106,82,77.4,0,87,74,85.1,7,102,81,79.4
NORTH WEST,NGAKA M. MOLEMA,600103606,9444112,MARUAPULA SECONDARY SCHOOL,1,0,39,38,97.4,0,27,27,100.0,0,20,20,100.0
NORTH WEST,NGAKA M. MOLEMA,600104037,9424115,MASELWANYANE HIGH SCHOOL,1,25,58,42,72.4,19,73,54,74.0,20,67,53,79.1
NORTH WEST,NGAKA M. MOLEMA,600101169,9444117,MATTHEWS MANGOPE HIGH SCHOOL,1,0,18,18,100.0,1,19,18,94.7,8,29,29,100.0
NORTH WEST,NGAKA M. MOLEMA,600101207,9424120,MMABATHO HIGH SCHOOL,4,1,167,153,91.6,1,172,163,94.8,0,151,148,98.0
NORTH WEST,NGAKA M. MOLEMA,600101210,9444123,MMAJANE SEC SCHOOL,2,0,91,60,65.9,30,70,58,82.9,31,99,91,91.9
NORTH WEST,NGAKA M. MOLEMA,600101213,9444124,MMAKGAJE SECONDARY SCHOOL,2,5,21,20,95.2,0,29,21,72.4,3,38,32,84.2
NORTH WEST,NGAKA M. MOLEMA,600101240,9434127,MMOLEDI HIGH SCHOOL,2,29,62,32,51.6,0,95,49,51.6,7,65,45,69.2
NORTH WEST,NGAKA M. MOLEMA,600101251,9424129,MOCOCE HIGH SCHOOL,2,8,105,78,74.3,0,91,71,78.0,10,100,78,78.0
NORTH WEST,NGAKA M. MOLEMA,600101283,9434130,MOGAKOLODI-MASIBI COMPR SCHOOL,1,7,62,36,58.1,3,46,41,89.1,14,98,88,89.8
NORTH WEST,NGAKA M. MOLEMA,600101315,9444135,MOKGAKALA HIGH SCHOOL,2,9,110,64,58.2,0,99,72,72.7,3,106,77,72.6
NORTH WEST,NGAKA M. MOLEMA,600101029,9444136,MOKGOJWA INTERMEDIATE SCHOOL,2,6,17,15,88.2,0,22,17,77.3,4,24,19,79.2
NORTH WEST,NGAKA M. MOLEMA,600105254,9424476,MOLELWANE SECONDARY SCHOOL,3,0,167,111,66.5,0,229,133,58.1,53,156,103,66.0
NORTH WEST,NGAKA M. MOLEMA,600101376,9414140,MORE SEC SCHOOL,1,0,94,54,57.4,11,94,69,73.4,0,122,80,65.6
NORTH WEST,NGAKA M. MOLEMA,600101395,9444142,MOSEKAPHOFU SECONDARY SCHOOL,1,18,49,36,73.5,9,43,35,81.4,8,38,34,89.5
NORTH WEST,NGAKA M. MOLEMA,600101406,9424144,MOSIKARE SECONDARY SCHOOL,1,49,129,89,69.0,0,160,101,63.1,0,126,98,77.8
NORTH WEST,NGAKA M. MOLEMA,600101420,9434146,MOTHIBINYANE HIGH SCHOOL,2,22,42,25,59.5,14,58,39,67.2,8,47,36,76.6
NORTH WEST,NGAKA M. MOLEMA,600105415,9439010,MOTHUSI MARUMOLOA SEC SCHOOL,1,0,18,6,33.3,0,28,15,53.6,9,28,19,67.9
NORTH WEST,NGAKA M. MOLEMA,600101439,9444148,MOTSAALORE SECONDARY SCHOOL,1,0,102,53,52.0,0,76,48,63.2,12,101,74,73.3
NORTH WEST,NGAKA M. MOLEMA,600101458,9444149,MOTSWEDI HIGH SCHOOL,3,12,189,154,81.5,0,199,173,86.9,13,223,184,82.5
NORTH WEST,NGAKA M. MOLEMA,600101459,9424150,MOTUBA HIGH SCHOOL,1,3,50,34,68.0,0,73,55,75.3,27,90,68,75.6
NORTH WEST,NGAKA M. MOLEMA,600101475,9444152,MPOLOKANG HIGH SCHOOL,1,0,97,73,75.3,0,79,63,79.7,0,92,69,75.0
NORTH WEST,NGAKA M. MOLEMA,600100843,9444153,N R MANDELA COMM SEC SCHOOL,2,1,30,20,66.7,7,83,42,50.6,8,55,36,65.5
NORTH WEST,NGAKA M. MOLEMA,600101501,9444154,NGOTWANA SEC SCHOOL,3,19,68,50,73.5,3,49,41,83.7,1,59,53,89.8
NORTH WEST,NGAKA M. MOLEMA,600101505,9444108,NIETVERDIEND COMBINED SCHOOL,1,0,13,12,92.3,0,18,15,83.3,1,18,12,66.7
NORTH WEST,NGAKA M. MOLEMA,600101524,9454156,NOTO HIGH SCHOOL,1,2,114,37,32.5,0,70,37,52.9,9,83,43,51.8
NORTH WEST,NGAKA M. MOLEMA,600101528,9444157,NTEBOGANG SECONDARY SCHOOL,3,22,50,28,56.0,10,62,36,58.1,3,57,42,73.7
NORTH WEST,NGAKA M. MOLEMA,600101533,9444158,NTLATSANG SECONDARY SCHOOL,3,4,16,13,81.3,0,36,29,80.6,0,28,21,75.0
NORTH WEST,NGAKA M. MOLEMA,600101539,9434159,NTSHIDI SECONDARY SCHOOL,1,0,52,37,71.2,0,46,27,58.7,7,51,35,68.6
NORTH WEST,NGAKA M. MOLEMA,600101554,9434161,OBUSITSE SECONDARY SCHOOL,3,0,40,27,67.5,0,52,42,80.8,0,96,69,71.9
NORTH WEST,NGAKA M. MOLEMA,600104097,9434162,ONKABETSE-THUTO TECHNICAL and COMM,3,26,67,42,62.7,15,66,41,62.1,1,102,87,85.3
NORTH WEST,NGAKA M. MOLEMA,600104266,9424259,ONKGOPOTSE TIRO COMP SCHOOL,1,2,47,43,91.5,6,39,38,97.4,4,61,50,82.0
NORTH WEST,NGAKA M. MOLEMA,600101619,9444165,PHAKEDI HIGH SCHOOL,3,10,80,54,67.5,3,82,50,61.0,23,104,86,82.7
NORTH WEST,NGAKA M. MOLEMA,600101630,9444166,PHATLHOSO HIGH SCHOOL,3,0,24,20,83.3,7,21,15,71.4,2,20,17,85.0
NORTH WEST,NGAKA M. MOLEMA,600101632,9454167,PHATSIMA SEC SCHOOL,3,25,82,62,75.6,39,155,93,60.0,26,114,77,67.5
NORTH WEST,NGAKA M. MOLEMA,600101695,9424171,R A KOBUE HIGH SCHOOL,1,38,93,69,74.2,0,140,77,55.0,19,140,105,75.0
NORTH WEST,NGAKA M. MOLEMA,600100170,9454174,RAKGWEDI-BOKANG HIGH SCHOOL,2,14,62,51,82.3,0,61,55,90.2,10,83,75,90.4
NORTH WEST,NGAKA M. MOLEMA,600105385,9424175,RAMAINA A PHETLHU SECONDARY,3,0,139,74,53.2,0,116,74,63.8,0,102,48,47.1
NORTH WEST,NGAKA M. MOLEMA,600101728,9444177,RAMATU HIGH SCHOOL,3,0,133,114,85.7,0,145,130,89.7,1,129,124,96.1
NORTH WEST,NGAKA M. MOLEMA,600101734,9454178,RAMOKONYANE SECONDARY SCHOOL,1,0,22,22,100.0,15,53,47,88.7,0,43,39,90.7
NORTH WEST,NGAKA M. MOLEMA,600101742,9444179,RAMOTSHERE HIGH SCHOOL,3,14,191,166,86.9,11,186,161,86.6,9,210,175,83.3
NORTH WEST,NGAKA M. MOLEMA,600101766,9444180,RATSELA SECONDARY SCHOOL,3,,,,,,,,,0,12,6,50.0
NORTH WEST,NGAKA M. MOLEMA,600104096,9454181,REALEKA SECONDARY SCHOOL,2,91,167,91,54.5,7,189,145,76.7,26,142,126,88.7
NORTH WEST,NGAKA M. MOLEMA,600101782,9444183,REARABILWE SECONDARY SCHOOL,1,31,92,55,59.8,0,97,70,72.2,18,89,68,76.4
NORTH WEST,NGAKA M. MOLEMA,600104292,9414475,REBONEILWE SECONDARY SCHOOL,3,27,122,91,74.6,0,160,123,76.9,45,183,125,68.3
NORTH WEST,NGAKA M. MOLEMA,600101786,9424186,REDIBONE SECONDARY SCHOOL,4,2,126,104,82.5,0,78,69,88.5,0,119,105,88.2
NORTH WEST,NGAKA M. MOLEMA,600105469,9454107,REFENTSE SECONDARY SCHOOL,1,5,40,36,90.0,4,34,31,91.2,0,49,44,89.8
NORTH WEST,NGAKA M. MOLEMA,600101801,9414188,REGOLOTSWE HIGH SCHOOL,3,7,58,45,77.6,6,71,58,81.7,25,125,88,70.4
NORTH WEST,NGAKA M. MOLEMA,600105403,9419012,REKGONNE SECONDARY SCHOOL,1,,,,,0,49,42,85.7,5,72,68,94.4
NORTH WEST,NGAKA M. MOLEMA,600101828,9424190,RENALERONA SECONDARY SCHOOL,3,0,50,10,20.0,0,68,38,55.9,12,25,12,48.0
NORTH WEST,NGAKA M. MOLEMA,600101871,9424196,S C KGOBOKOE HIGH SCHOOL,2,0,48,23,47.9,21,57,34,59.6,0,68,39,57.4
NORTH WEST,NGAKA M. MOLEMA,600101875,9444198,SAKALENGWE HIGH SCHOOL,3,13,14,5,35.7,0,13,10,76.9,3,18,16,88.9
NORTH WEST,NGAKA M. MOLEMA,600101883,9454200,SANNIESHOF HIGH SCHOOL,4,0,29,29,100.0,0,25,25,100.0,0,30,30,100.0
NORTH WEST,NGAKA M. MOLEMA,600101898,9424203,SEBOPIWA MOLEMA SEC SCHOOL,2,,,,,,,,,0,167,152,91.0
NORTH WEST,NGAKA M. MOLEMA,600101930,9424205,SEJANKABO HIGH SCHOOL,2,0,56,41,73.2,0,66,55,83.3,18,87,83,95.4
NORTH WEST,NGAKA M. MOLEMA,600101948,9424208,SELEJE SECONDARY SCHOOL,1,3,63,51,81.0,3,52,47,90.4,12,66,58,87.9
NORTH WEST,NGAKA M. MOLEMA,600105353,9434210,SETILO SECONDARY SCHOOL,3,34,69,46,66.7,22,92,69,75.0,12,95,75,78.9
NORTH WEST,NGAKA M. MOLEMA,600104248,9424211,SETLOPO SCIENCE and COMM SCHOOL,2,0,148,79,53.4,0,105,78,74.3,0,130,105,80.8
NORTH WEST,NGAKA M. MOLEMA,600101982,9424212,SETUMO HIGH SCHOOL,2,0,59,46,78.0,0,65,58,89.2,13,74,63,85.1
NORTH WEST,NGAKA M. MOLEMA,600104106,9424216,SOL PLAATJE SECONDARY SCHOOL,4,0,169,154,91.1,1,142,132,93.0,2,157,144,91.7
NORTH WEST,NGAKA M. MOLEMA,600102028,9424218,ST MARY`S SEC SCHOOL,4,0,90,79,87.8,0,101,94,93.1,13,165,152,92.1
NORTH WEST,NGAKA M. MOLEMA,600102060,9414219,TAU-RAPULANA HIGH SCHOOL,1,38,132,57,43.2,39,109,67,61.5,67,148,70,47.3
NORTH WEST,NGAKA M. MOLEMA,600102068,9424221,TETLANO SECONDARY SCHOOL,3,0,69,42,60.9,16,67,46,68.7,7,48,39,81.3
NORTH WEST,NGAKA M. MOLEMA,600102123,9444227,THUTO-KE-MATLA SECONDARY SCHOOL,3,0,16,12,75.0,3,29,16,55.2,6,24,19,79.2
NORTH WEST,NGAKA M. MOLEMA,600102135,9424229,TIEGO TAWANA SECONDARY SCHOOL,2,0,42,29,69.0,0,37,35,94.6, 14,51,50,98.0
NORTH WEST,NGAKA M. MOLEMA,600105167,9454464,TIRISANO SECONDARY SCHOOL,2,24,91,56,61.5,0,76,57,75.0, 20,93,69,74.2
NORTH WEST,NGAKA M. MOLEMA,600102407,9424254,TLAMELANG SPECIAL SCHOOL,99,0,7,3,42.9,0,18,11,61.1,0,12,8,66.7
NORTH WEST,NGAKA M. MOLEMA,600102165,9444235,TLHAOLE HIGH SCHOOL,3,0,56,50,89.3,19,94,73,77.7, 17,98,78,79.6
NORTH WEST,NGAKA M. MOLEMA,600102172,9454237,TLHOAFALO SECONDARY SCHOOL,2,37,106,74,69.8,5,70,64,91.4, 13,81,73,90.1
NORTH WEST,NGAKA M. MOLEMA,600105406,9424010,TSHIDI BAROLONG SEC SCHOOL,2,33,162,137,84.6,11,129,111,86.0, 24,161,125,77.6
NORTH WEST,NGAKA M. MOLEMA,600102271,9414248,TSWELELOPELE HIGH SCHOOL,3,0,68,47,69.1,0,59,43,72.9,8,124,91,73.4
NORTH WEST,NGAKA M. MOLEMA,600102292,9434249,UTLWANANG-BAROLONG SECONDARY SCHOOL,2,0,44,18,40.9,0,65,43,66.2, 16,76,53,69.7
NORTH WEST,NGAKA M. MOLEMA,600102360,9424250,Z M SEATLHOLO HIGH SCHOOL,2,0,90,54,60.0,0,47,44,93.6,6,62,55,88.7
NORTH WEST,NGAKA M. MOLEMA,600105069,9444278,ZEERUST COMBINED SCHOOL,4,1,82,56,68.3,0,93,76,81.7,2,102,71,69.6
NORTH WEST,NGAKA M. MOLEMA,600102353,9444251,ZEERUST HIGH SCHOOL,5,1,124,105,84.7,0,113,99,87.6,0,103,94,91.3
